Produktgruppe,RowID,Phase,Datumsfeld,Datum,Mitarbeiter
NA,1407976229441412,3,K am,2025-08-21,SM
NA,5911575856811908,3,K am,2025-08-26,SM
NA,8163375670497156,3,K am,2025-08-21,SM
NA,7600425717075844,1,Kontrolle,2025-08-19,SM
NA,1970926182862724,1,Kontrolle,2025-09-03,HI
NA,4222725996547972,2,BE am,2025-08-20,SM
NA,4644938461613956,2,BE am,2025-09-05,LK
NA,6896738275299204,1,Kontrolle,2025-09-10,HI
NA,3519038554771332,1,Kontrolle,2025-09-03,HI
NA,8022638182141828,1,Kontrolle,2025-08-27,LK
NA,704288787664772,1,Kontrolle,2025-09-03,HI
NA,2956088601350020,1,Kontrolle,2025-09-01,SM
NA,2956088601350020,2,BE am,2025-09-08,SM
NA,2956088601350020,3,K am,2025-09-08,LK
NA,7459688228720516,1,Kontrolle,2025-09-01,SM
NA,7459688228720516,2,BE am,2025-09-08,SM
NA,1830188694507396,1,Kontrolle,2025-09-11,SM
NA,6333788321877892,1,Kontrolle,2025-09-01,SM
NA,4081988508192644,1,Kontrolle,2025-09-01,SM
NA,4081988508192644,2,BE am,2025-09-09,LK
NA,8585588135563140,1,Kontrolle,2025-09-09,SM
NA,422813810954116,1,Kontrolle,2025-08-27,LK
NA,4926413438324612,1,Kontrolle,2025-09-03,HI
NA,1548713717796740,2,BE am,2025-09-04,LK
NA,5489363391745924,1,Kontrolle,2025-09-01,SM
NA,3237563578060676,1,Kontrolle,2025-09-03,HI
NA,6826369531121540,1,Kontrolle,2025-09-03,HI
NA,3448669810593668,1,Kontrolle,2025-09-03,HI
NA,7389319484542852,1,Kontrolle,2025-09-10,JHU
NA,1759819950329732,3,K am,2025-08-21,SM
NA,6263419577700228,1,Kontrolle,2025-09-01,SM
NA,6263419577700228,2,BE am,2025-09-08,SM
NA,352445066776452,1,Kontrolle,2025-09-01,SM
NA,352445066776452,2,BE am,2025-09-09,LK
NA,4856044694146948,1,Kontrolle,2025-09-03,DM
NA,4856044694146948,2,BE am,2025-09-09,LK
NA,5981944600989572,1,Kontrolle,2025-09-03,DM
NA,5981944600989572,2,BE am,2025-09-05,LK
NA,915395020197764,1,Kontrolle,2025-09-03,DM
NA,5418994647568260,1,Kontrolle,2025-09-03,DM
NA,6544894554410884,3,K am,2025-08-21,SM
NA,211707578421124,1,Kontrolle,2025-09-01,SM
NA,5841207112634244,1,Kontrolle,2025-09-03,DM
NA,3589407298948996,1,Kontrolle,2025-09-10,HI
NA,8093006926319492,1,Kontrolle,2025-09-03,DM
NA,774657531842436,2,BE am,2025-08-21,EK
NA,774657531842436,3,K am,2025-08-27,LK
NA,3026457345527684,1,Kontrolle,2025-09-03,DM
NA,4152357252370308,1,Kontrolle,2025-09-10,HI
NA,8655956879740804,1,Kontrolle,2025-09-10,HI
NA,493182555131780,1,Kontrolle,2025-09-03,DM
NA,493182555131780,2,BE am,2025-09-05,LK
NA,2744982368817028,3,K am,2025-08-21,SM
NA,8374481903030148,2,BE am,2025-08-18,LK
NA,8374481903030148,3,K am,2025-08-26,SM
NA,3307932322238340,3,K am,2025-08-27,LK
NA,7811531949608836,2,BE am,2025-08-19,LK
NA,7811531949608836,3,K am,2025-08-27,LK
NA,2182032415395716,1,Kontrolle,2025-09-03,DM
NA,2182032415395716,2,BE am,2025-09-04,LK
NA,6685632042766212,1,Kontrolle,2025-09-03,DM
NA,6685632042766212,2,BE am,2025-09-05,LK
NA,35785717976964,1,Kontrolle,2025-08-27,LK
NA,6791185159032708,3,K am,2025-08-21,SM
NA,3413485438504836,1,Kontrolle,2025-09-01,SM
NA,598735671398276,1,Kontrolle,2025-09-03,DM
NA,598735671398276,2,BE am,2025-09-09,LK
NA,7354135112454020,1,Kontrolle,2025-09-03,DM
NA,7354135112454020,2,BE am,2025-09-05,LK
NA,6228235205611396,1,Kontrolle,2025-09-10,HI
NA,3976435391926148,1,Kontrolle,2025-09-03,DM
NA,3976435391926148,2,BE am,2025-09-04,LK
NA,8480035019296644,1,Kontrolle,2025-09-10,HI
NA,2569060508372868,1,Kontrolle,2025-09-04,DM
NA,1443160601530244,1,Kontrolle,2025-09-01,SM
NA,1443160601530244,2,BE am,2025-09-08,SM
NA,1443160601530244,3,K am,2025-09-08,LK
NA,8198560042585988,1,Kontrolle,2025-09-01,SM
NA,880210648108932,3,K am,2025-08-26,SM
NA,5383810275479428,1,Kontrolle,2025-09-04,DM
NA,5383810275479428,2,BE am,2025-09-09,LK
NA,6509710182322052,1,Kontrolle,2025-09-04,DM
NA,6509710182322052,2,BE am,2025-09-05,LK
NA,8761509996007300,2,BE am,2025-08-19,LK
NA,8761509996007300,3,K am,2025-08-27,LK
NA,176523206332292,1,Kontrolle,2025-09-04,DM
NA,176523206332292,2,BE am,2025-09-04,LK
NA,8057822554230660,1,Kontrolle,2025-09-04,DM
NA,739473159753604,1,Kontrolle,2025-09-01,SM
NA,739473159753604,2,BE am,2025-09-08,SM
NA,739473159753604,3,K am,2025-09-08,LK
NA,5243072787124100,1,Kontrolle,2025-09-01,SM
NA,5243072787124100,2,BE am,2025-09-08,SM
NA,7494872600809348,1,Kontrolle,2025-09-01,SM
NA,6368972693966724,1,Kontrolle,2025-09-04,DM
NA,6368972693966724,2,BE am,2025-09-09,LK
NA,4117172880281476,1,Kontrolle,2025-09-09,SM
NA,4117172880281476,2,BE am,2025-09-10,LK
NA,8620772507651972,3,K am,2025-09-08,LK
NA,457998183042948,1,Kontrolle,2025-09-04,DM
NA,4961597810413444,1,Kontrolle,2025-09-10,HI
NA,4961597810413444,2,BE am,2025-09-10,LK
NA,8339297530941316,1,Kontrolle,2025-09-01,SM
NA,8339297530941316,2,BE am,2025-09-08,SM
NA,3272747950149508,1,Kontrolle,2025-09-04,DM
NA,2146848043306884,1,Kontrolle,2025-09-04,DM
NA,2146848043306884,2,BE am,2025-09-09,LK
NA,4398647856992132,3,K am,2025-09-08,LK
NA,8902247484362628,3,K am,2025-08-27,LK
NA,6861553903210372,2,BE am,2025-08-19,LK
NA,6861553903210372,3,K am,2025-08-27,LK
NA,1232054368997252,2,BE am,2025-09-04,LK
NA,5735653996367748,2,BE am,2025-08-25,SM
NA,2920904229261188,1,Kontrolle,2025-09-01,SM
NA,2920904229261188,2,BE am,2025-09-08,SM
NA,2920904229261188,3,K am,2025-09-08,LK
NA,6298603949789060,1,Kontrolle,2025-09-02,SM
NA,4046804136103812,1,Kontrolle,2025-09-04,DM
NA,2639429252550532,1,Kontrolle,2025-09-04,DM
NA,2639429252550532,2,BE am,2025-09-05,LK
NA,2639429252550532,3,K am,2025-09-08,LK
NA,7143028879921028,1,Kontrolle,2025-09-10,HI
NA,7143028879921028,2,BE am,2025-09-10,LK
NA,6017128973078404,1,Kontrolle,2025-09-04,DM
NA,3765329159393156,1,Kontrolle,2025-09-04,DM
NA,8268928786763652,1,Kontrolle,2025-09-04,DM
NA,8268928786763652,2,BE am,2025-09-05,LK
NA,3202379205971844,1,Kontrolle,2025-09-02,SM
NA,7705978833342340,1,Kontrolle,2025-09-04,DM
NA,2076479299129220,1,Kontrolle,2025-09-01,SM
NA,2076479299129220,2,BE am,2025-09-08,SM
NA,6580078926499716,1,Kontrolle,2025-09-04,DM
NA,4328279112814468,1,Kontrolle,2025-09-01,SM
NA,246891950509956,1,Kontrolle,2025-09-04,DM
NA,1372791857352580,1,Kontrolle,2025-09-04,DM
NA,8128191298408324,1,Kontrolle,2025-09-04,DM
NA,1935741810773892,1,Kontrolle,2025-09-01,SM
NA,1935741810773892,2,BE am,2025-09-08,SM
NA,4187541624459140,1,Kontrolle,2025-09-01,SM
NA,4187541624459140,2,BE am,2025-09-11,SM
NA,8691141251829636,1,Kontrolle,2025-09-02,SM
NA,528366927220612,1,Kontrolle,2025-09-04,DM
NA,5031966554591108,2,BE am,2025-08-18,LK
NA,5031966554591108,3,K am,2025-08-26,SM
NA,2780166740905860,2,BE am,2025-08-18,LK
NA,2780166740905860,3,K am,2025-08-26,SM
NA,6157866461433732,1,Kontrolle,2025-09-04,DM
NA,8409666275118980,3,K am,2025-08-27,LK
NA,1091316880641924,1,Kontrolle,2025-08-27,LK
NA,5594916508012420,1,Kontrolle,2025-09-10,HI
NA,3343116694327172,1,Kontrolle,2025-09-04,DM
NA,7846716321697668,1,Kontrolle,2025-09-04,DM
NA,7846716321697668,2,BE am,2025-09-05,LK
NA,4469016601169796,2,BE am,2025-08-18,LK
NA,4469016601169796,3,K am,2025-08-26,SM
NA,8972616228540292,2,BE am,2025-08-21,EK
NA,18193531932548,1,Kontrolle,2025-09-04,DM
NA,4521793159303044,3,K am,2025-08-21,SM
NA,1144093438775172,1,Kontrolle,2025-09-01,SM
NA,1144093438775172,2,BE am,2025-09-09,LK
NA,581143485353860,1,Kontrolle,2025-09-04,DM
NA,2832943299039108,3,K am,2025-08-27,LK
NA,1707043392196484,1,Kontrolle,2025-09-04,DM
NA,1707043392196484,2,BE am,2025-09-04,LK
NA,7055067949698948,1,Kontrolle,2025-09-04,DM
NA,1425568415485828,1,Kontrolle,2025-09-01,SM
NA,1425568415485828,2,BE am,2025-09-08,SM
NA,8180967856541572,1,Kontrolle,2025-09-02,SM
NA,862618462064516,1,Kontrolle,2025-08-27,LK
NA,5366218089435012,1,Kontrolle,2025-09-04,DM
NA,5366218089435012,2,BE am,2025-09-10,LK
NA,1988518368907140,1,Kontrolle,2025-09-04,DM
NA,1988518368907140,2,BE am,2025-09-05,LK
NA,6492117996277636,1,Kontrolle,2025-09-10,HI
NA,4240318182592388,1,Kontrolle,2025-09-04,DM
NA,4240318182592388,2,BE am,2025-09-04,LK
NA,8743917809962884,1,Kontrolle,2025-09-04,DM
NA,8743917809962884,2,BE am,2025-09-05,LK
NA,6914330461343620,3,K am,2025-08-21,SM
NA,1284830927130500,1,Kontrolle,2025-09-01,SM
NA,1284830927130500,2,BE am,2025-09-09,LK
NA,5788430554500996,3,K am,2025-08-27,LK
NA,3536630740815748,1,Kontrolle,2025-09-02,SM
NA,8040230368186244,1,Kontrolle,2025-09-04,DM
NA,721880973709188,2,BE am,2025-08-18,LK
NA,721880973709188,3,K am,2025-08-27,LK
NA,5225480601079684,1,Kontrolle,2025-08-27,SM
NA,2973680787394436,1,Kontrolle,2025-09-04,DM
NA,2973680787394436,2,BE am,2025-09-10,LK
NA,7477280414764932,2,BE am,2025-08-20,SM
NA,7477280414764932,3,K am,2025-08-27,LK
NA,1847780880551812,2,BE am,2025-08-18,LK
NA,1847780880551812,3,K am,2025-08-27,LK
NA,6351380507922308,1,Kontrolle,2025-09-10,HI
NA,6351380507922308,2,BE am,2025-09-10,LK
NA,4099580694237060,2,BE am,2025-08-21,EK
NA,4099580694237060,3,K am,2025-08-27,LK
NA,8603180321607556,1,Kontrolle,2025-09-10,HI
NA,440405996998532,2,BE am,2025-08-19,LK
NA,4944005624369028,3,K am,2025-08-27,LK
NA,3818105717526404,3,K am,2025-08-21,SM
NA,8321705344896900,1,Kontrolle,2025-09-01,SM
NA,5506955577790340,1,Kontrolle,2025-09-02,SM
NA,3255155764105092,1,Kontrolle,2025-09-04,DM
NA,7758755391475588,1,Kontrolle,2025-09-01,SM
NA,7758755391475588,2,BE am,2025-09-09,LK
NA,2129255857262468,1,Kontrolle,2025-09-09,SM
NA,6632855484632964,1,Kontrolle,2025-09-04,DM
NA,6632855484632964,2,BE am,2025-09-05,LK
NA,8884655298318212,3,K am,2025-08-27,LK
NA,88562276110212,1,Kontrolle,2025-09-04,DM
NA,88562276110212,2,BE am,2025-09-05,LK
NA,4592161903480708,1,Kontrolle,2025-08-27,LK
NA,2340362089795460,1,Kontrolle,2025-09-04,DM
NA,2340362089795460,2,BE am,2025-09-05,LK
NA,6843961717165956,1,Kontrolle,2025-09-04,DM
NA,6843961717165956,2,BE am,2025-09-04,LK
NA,3466261996638084,1,Kontrolle,2025-09-04,DM
NA,3466261996638084,2,BE am,2025-09-05,LK
NA,7969861624008580,1,Kontrolle,2025-09-01,SM
NA,7969861624008580,2,BE am,2025-09-08,SM
NA,5155111856902020,1,Kontrolle,2025-09-01,SM
NA,2903312043216772,1,Kontrolle,2025-09-02,SM
NA,7406911670587268,1,Kontrolle,2025-09-04,DM
NA,6281011763744644,1,Kontrolle,2025-09-04,DM
NA,4029211950059396,1,Kontrolle,2025-09-04,DM
NA,4029211950059396,2,BE am,2025-09-05,LK
NA,8532811577429892,1,Kontrolle,2025-09-04,DM
NA,8532811577429892,2,BE am,2025-09-05,LK
NA,8532811577429892,3,K am,2025-09-08,LK
NA,370037252820868,1,Kontrolle,2025-09-04,DM
NA,370037252820868,2,BE am,2025-09-05,LK
NA,370037252820868,3,K am,2025-09-08,LK
NA,2621837066506116,1,Kontrolle,2025-08-27,LK
NA,7125436693876612,1,Kontrolle,2025-09-04,DM
NA,7125436693876612,2,BE am,2025-09-05,LK
NA,1495937159663492,1,Kontrolle,2025-09-04,DM
NA,5999536787033988,1,Kontrolle,2025-09-04,DM
NA,5999536787033988,2,BE am,2025-09-05,LK
NA,932987206242180,1,Kontrolle,2025-09-01,SM
NA,932987206242180,2,BE am,2025-09-11,SM
NA,5436586833612676,1,Kontrolle,2025-09-04,DM
NA,7688386647297924,1,Kontrolle,2025-09-04,DM
NA,2058887113084804,1,Kontrolle,2025-09-08,LK
NA,6562486740455300,2,BE am,2025-08-21,EK
NA,8814286554140548,1,Kontrolle,2025-09-01,SM
NA,8814286554140548,2,BE am,2025-09-09,LK
NA,229299764465540,1,Kontrolle,2025-09-02,SM
NA,4732899391836036,2,BE am,2025-08-18,LK
NA,4732899391836036,3,K am,2025-08-26,SM
NA,6984699205521284,2,BE am,2025-08-20,SM
NA,3606999484993412,2,BE am,2025-08-19,LK
NA,8110599112363908,1,Kontrolle,2025-09-04,DM
NA,8110599112363908,2,BE am,2025-09-05,LK
NA,3044049531572100,3,K am,2025-08-21,SM
NA,7547649158942596,2,BE am,2025-08-19,SM
NA,7547649158942596,3,K am,2025-08-26,SM
NA,6421749252099972,2,BE am,2025-08-25,SM
NA,8673549065785220,2,BE am,2025-08-19,SM
NA,8673549065785220,3,K am,2025-08-26,SM
NA,5014374368546692,2,BE am,2025-08-20,SM
NA,2762574554861444,2,BE am,2025-08-20,SM
NA,1636674648018820,1,Kontrolle,2025-08-21,SM
NA,6140274275389316,3,K am,2025-08-26,SM
NA,3888474461704068,2,BE am,2025-08-19,SM
NA,1073724694597508,2,BE am,2025-09-05,LK
NA,5577324321968004,2,BE am,2025-09-04,LK
NA,2199624601440132,1,Kontrolle,2025-09-01,SM
NA,6703224228810628,3,K am,2025-08-21,SM
NA,4451424415125380,1,Kontrolle,2025-09-01,SM
NA,53377904021380,1,Kontrolle,2025-09-05,DM
NA,4556977531391876,2,BE am,2025-09-11,SM
NA,6808777345077124,1,Kontrolle,2025-09-05,DM
NA,6808777345077124,2,BE am,2025-09-05,LK
NA,1179277810864004,1,Kontrolle,2025-09-05,DM
NA,1179277810864004,2,BE am,2025-09-05,LK
NA,5682877438234500,2,BE am,2025-08-20,SM
NA,7934677251919748,1,Kontrolle,2025-09-05,DM
NA,7934677251919748,2,BE am,2025-09-05,LK
NA,616327857442692,2,BE am,2025-08-25,SM
NA,5119927484813188,1,Kontrolle,2025-09-05,DM
NA,5964352414945156,2,BE am,2025-09-04,LK
NA,897802834153348,3,K am,2025-09-08,LK
NA,194115392376708,1,Kontrolle,2025-09-01,SM
NA,2445915206061956,1,Kontrolle,2025-09-10,HI
NA,6949514833432452,3,K am,2025-08-27,LK
NA,5823614926589828,1,Kontrolle,2025-09-10,HI
NA,8075414740275076,1,Kontrolle,2025-09-01,SM
NA,8075414740275076,2,BE am,2025-09-09,LK
NA,757065345798020,1,Kontrolle,2025-09-05,DM
NA,5260664973168516,3,K am,2025-08-27,LK
NA,6386564880011140,2,BE am,2025-09-05,LK
NA,4134765066325892,2,BE am,2025-08-20,SM
NA,4134765066325892,3,K am,2025-09-08,LK
NA,8638364693696388,1,Kontrolle,2025-09-05,DM
NA,1601490275929988,1,Kontrolle,2025-09-05,DM
NA,6105089903300484,1,Kontrolle,2025-09-10,HI
NA,3853290089615236,1,Kontrolle,2025-09-01,SM
NA,3853290089615236,2,BE am,2025-09-08,SM
NA,8356889716985732,1,Kontrolle,2025-09-05,DM
NA,8356889716985732,2,BE am,2025-09-05,LK
NA,1038540322508676,2,BE am,2025-08-20,SM
NA,1038540322508676,3,K am,2025-09-08,LK
NA,5542139949879172,2,BE am,2025-08-18,LK
NA,5542139949879172,3,K am,2025-08-27,LK
NA,2164440229351300,1,Kontrolle,2025-09-10,HI
NA,6668039856721796,2,BE am,2025-08-18,LK
NA,6668039856721796,3,K am,2025-08-26,SM
NA,4416240043036548,2,BE am,2025-08-18,LK
NA,4416240043036548,3,K am,2025-08-26,SM
NA,8919839670407044,1,Kontrolle,2025-09-09,SM
NA,8919839670407044,2,BE am,2025-09-10,LK
NA,123746648199044,1,Kontrolle,2025-09-10,HI
NA,4627346275569540,1,Kontrolle,2025-09-10,HI
NA,1249646555041668,3,K am,2025-08-26,SM
NA,5753246182412164,2,BE am,2025-08-18,LK
NA,5753246182412164,3,K am,2025-08-21,SM
NA,3501446368726916,1,Kontrolle,2025-09-05,DM
NA,686696601620356,2,BE am,2025-08-25,SM
NA,5190296228990852,1,Kontrolle,2025-09-10,HI
NA,2938496415305604,3,K am,2025-08-27,LK
NA,7442096042676100,1,Kontrolle,2025-09-09,SM
NA,1812596508462980,1,Kontrolle,2025-09-10,HI
NA,1812596508462980,2,BE am,2025-09-10,LK
NA,4064396322148228,1,Kontrolle,2025-09-10,HI
NA,8567995949518724,1,Kontrolle,2025-09-05,DM
NA,405221624909700,3,K am,2025-08-21,SM
NA,7160621065965444,2,BE am,2025-08-18,LK
NA,7160621065965444,3,K am,2025-08-26,SM
NA,3782921345437572,2,BE am,2025-08-18,LK
NA,3782921345437572,3,K am,2025-08-21,SM
NA,8286520972808068,2,BE am,2025-08-18,LK
NA,8286520972808068,3,K am,2025-08-26,SM
NA,5471771205701508,2,BE am,2025-08-25,SM
NA,7723571019386756,1,Kontrolle,2025-09-10,HI
NA,7723571019386756,2,BE am,2025-09-10,LK
NA,6597671112544132,1,Kontrolle,2025-09-10,HI
NA,4345871298858884,1,Kontrolle,2025-09-05,DM
NA,8849470926229380,1,Kontrolle,2025-09-01,SM
NA,8849470926229380,2,BE am,2025-09-08,SM
NA,264484136554372,1,Kontrolle,2025-09-01,SM
NA,4768083763924868,1,Kontrolle,2025-09-05,DM
NA,5893983670767492,2,BE am,2025-08-25,SM
NA,827434089975684,1,Kontrolle,2025-09-02,SM
NA,5331033717346180,1,Kontrolle,2025-09-10,HI
NA,3079233903660932,2,BE am,2025-08-18,HI
NA,3079233903660932,3,K am,2025-08-18,HI
NA,3079233903660932,4,C am,2025-08-18,HI
NA,7582833531031428,3,K am,2025-08-27,LK
NA,1953333996818308,1,Kontrolle,2025-09-05,DM
NA,6456933624188804,1,Kontrolle,2025-09-10,HI
NA,6456933624188804,2,BE am,2025-09-10,LK
NA,4205133810503556,1,Kontrolle,2025-09-10,HI
NA,545959113265028,3,K am,2025-08-21,SM
NA,2797758926950276,2,BE am,2025-08-18,LK
NA,7301358554320772,2,BE am,2025-08-18,LK
NA,7301358554320772,3,K am,2025-08-26,SM
NA,1671859020107652,3,K am,2025-08-26,SM
NA,6175458647478148,2,BE am,2025-08-19,SM
NA,3923658833792900,2,BE am,2025-08-20,SM
NA,3923658833792900,3,K am,2025-09-08,LK
NA,3360708880371588,2,BE am,2025-08-18,LK
NA,3360708880371588,3,K am,2025-08-26,SM
NA,7864308507742084,2,BE am,2025-08-18,LK
NA,7864308507742084,3,K am,2025-08-26,SM
NA,2234808973528964,2,BE am,2025-08-19,LK
NA,2234808973528964,3,K am,2025-08-27,LK
NA,9397438910340,2,BE am,2025-08-18,HI
NA,9397438910340,3,K am,2025-08-18,HI
NA,9397438910340,4,C am,2025-08-18,HI
NA,1698247299174276,3,K am,2025-08-21,SM
NA,3950047112859524,1,Kontrolle,2025-09-05,DM
NA,4794472042991492,2,BE am,2025-08-18,LK
NA,4794472042991492,3,K am,2025-08-26,SM
NA,7046271856676740,3,K am,2025-08-26,SM
NA,1416772322463620,2,BE am,2025-08-18,LK
NA,1416772322463620,3,K am,2025-08-27,LK
NA,5920371949834116,1,Kontrolle,2025-08-28,LK
NA,5920371949834116,2,BE am,2025-09-05,LK
NA,853822369042308,1,Kontrolle,2025-08-28,LK
NA,853822369042308,2,BE am,2025-09-05,LK
NA,4231522089570180,2,BE am,2025-09-04,LK
NA,2401934740950916,2,BE am,2025-08-18,LK
NA,2401934740950916,3,K am,2025-08-26,SM
NA,6905534368321412,1,Kontrolle,2025-09-10,HI
NA,5779634461478788,2,BE am,2025-08-18,LK
NA,5779634461478788,3,K am,2025-08-27,SM
NA,3527834647793540,1,Kontrolle,2025-08-28,LK
NA,3527834647793540,2,BE am,2025-09-05,LK
NA,1838984787529604,2,BE am,2025-08-19,LK
NA,431609903976324,2,BE am,2025-08-19,LK
NA,4935209531346820,3,K am,2025-09-08,LK
NA,2683409717661572,3,K am,2025-08-21,SM
NA,1557509810818948,2,BE am,2025-08-18,LK
NA,1557509810818948,3,K am,2025-08-21,SM
NA,6061109438189444,2,BE am,2025-08-18,LK
NA,6061109438189444,3,K am,2025-08-26,SM
NA,3809309624504196,2,BE am,2025-08-18,LK
NA,8312909251874692,2,BE am,2025-08-18,LK
NA,8312909251874692,3,K am,2025-08-26,SM
NA,994559857397636,2,BE am,2025-08-18,LK
NA,994559857397636,3,K am,2025-08-27,SM
NA,5498159484768132,2,BE am,2025-08-20,SM
NA,6624059391610756,2,BE am,2025-08-21,EK
NA,6624059391610756,3,K am,2025-09-08,LK
NA,4372259577925508,2,BE am,2025-08-19,LK
NA,6835165624143748,1,Kontrolle,2025-08-21,SM
NA,642716136509316,2,BE am,2025-08-18,LK
NA,642716136509316,3,K am,2025-08-27,SM
NA,2894515950194564,1,Kontrolle,2025-09-09,SM
NA,4020415857037188,2,BE am,2025-08-21,EK
NA,924191113219972,2,BE am,2025-08-18,LK
NA,3175990926905220,2,BE am,2025-08-18,LK
NA,3175990926905220,3,K am,2025-08-27,SM
NA,2050091020062596,1,Kontrolle,2025-09-05,DM
NA,220503671443332,2,BE am,2025-08-21,EK
NA,220503671443332,3,K am,2025-09-08,LK
NA,4724103298813828,2,BE am,2025-08-19,LK
NA,5287053252235140,2,BE am,2025-08-18,LK
NA,5287053252235140,3,K am,2025-08-26,SM
NA,3035253438549892,2,BE am,2025-08-18,LK
NA,1909353531707268,2,BE am,2025-08-18,LK
NA,1909353531707268,3,K am,2025-08-27,SM
NA,6412953159077764,2,BE am,2025-08-20,SM
NA,4161153345392516,3,K am,2025-09-08,LK
NA,5005578275524484,2,BE am,2025-08-21,EK
NA,5005578275524484,3,K am,2025-09-08,LK
NA,1627878554996612,2,BE am,2025-08-19,LK
NA,6131478182367108,2,BE am,2025-08-21,EK
NA,6131478182367108,3,K am,2025-09-08,LK
NA,8383277996052356,3,K am,2025-09-08,LK
NA,4442628322103172,3,K am,2025-08-26,SM
NA,8946227949473668,2,BE am,2025-08-18,LK
NA,44581810999172,3,K am,2025-08-26,SM
NA,4548181438369668,3,K am,2025-08-27,SM
NA,6799981252054916,3,K am,2025-09-08,LK
NA,1170481717841796,3,K am,2025-09-08,LK
NA,7925881158897540,2,BE am,2025-08-21,EK
NA,7925881158897540,3,K am,2025-09-08,LK
NA,607531764420484,2,BE am,2025-09-05,LK
NA,5111131391790980,2,BE am,2025-08-19,LK
NA,8488831112318852,3,K am,2025-08-21,SM
NA,326056787709828,3,K am,2025-08-26,SM
NA,4829656415080324,2,BE am,2025-08-18,LK
NA,4829656415080324,3,K am,2025-08-26,SM
NA,2577856601395076,2,BE am,2025-08-18,LK
NA,7081456228765572,2,BE am,2025-08-18,LK
NA,7081456228765572,3,K am,2025-08-27,SM
NA,1451956694552452,2,BE am,2025-08-20,SM
NA,5392606368501636,2,BE am,2025-08-25,SM
NA,3140806554816388,2,BE am,2025-08-19,LK
NA,8770306089029508,3,K am,2025-08-21,SM
NA,6940718740410244,2,BE am,2025-08-18,LK
NA,3000069066461060,2,BE am,2025-08-25,SM
NA,466794276065156,2,BE am,2025-08-19,SM
NA,466794276065156,3,K am,2025-08-21,SM
NA,4970393903435652,1,Kontrolle,2025-09-02,SM
NA,2718594089750404,1,Kontrolle,2025-09-10,HI
NA,7222193717120900,3,K am,2025-08-26,SM
NA,1592694182907780,1,Kontrolle,2025-09-09,SM
NA,3844493996593028,1,Kontrolle,2025-09-09,SM
NA,8348093623963524,1,Kontrolle,2025-09-10,HI
NA,8348093623963524,2,BE am,2025-09-10,LK
NA,5533343856856964,1,Kontrolle,2025-09-10,HI
NA,2155644136329092,1,Kontrolle,2025-09-10,HI
NA,6659243763699588,1,Kontrolle,2025-09-05,DM
NA,2366750368862084,1,Kontrolle,2025-09-05,DM
NA,2366750368862084,2,BE am,2025-09-05,LK
NA,1240850462019460,2,BE am,2025-08-19,SM
NA,1240850462019460,3,K am,2025-08-26,SM
NA,5744450089389956,1,Kontrolle,2025-09-05,DM
NA,2648225345572740,3,K am,2025-08-21,SM
NA,7151824972943236,3,K am,2025-09-08,LK
NA,6025925066100612,1,Kontrolle,2025-08-21,SM
NA,3774125252415364,3,K am,2025-08-26,SM
NA,8277724879785860,2,BE am,2025-08-18,LK
NA,959375485308804,3,K am,2025-08-26,SM
NA,7714774926364548,3,K am,2025-09-08,LK
NA,6588875019521924,2,BE am,2025-08-25,SM
NA,4337075205836676,2,BE am,2025-08-25,SM
NA,4337075205836676,3,K am,2025-09-08,LK
NA,8840674833207172,2,BE am,2025-09-05,LK
NA,255688043532164,2,BE am,2025-08-19,LK
NA,4759287670902660,2,BE am,2025-08-25,SM
NA,5885187577745284,1,Kontrolle,2025-09-01,SM
NA,818637996953476,1,Kontrolle,2025-08-27,LK
NA,6448137531166596,2,BE am,2025-08-18,LK
NA,6448137531166596,3,K am,2025-09-08,LK
NA,537163020242820,1,Kontrolle,2025-08-27,LK
NA,2788962833928068,2,BE am,2025-08-19,LK
NA,3914862740770692,3,K am,2025-08-21,SM
NA,1100112973664132,1,Kontrolle,2025-09-05,DM
NA,5603712601034628,1,Kontrolle,2025-09-05,DM
NA,5603712601034628,2,BE am,2025-09-09,LK
NA,3351912787349380,1,Kontrolle,2025-09-05,DM
NA,3351912787349380,2,BE am,2025-09-05,LK
NA,2226012880506756,3,K am,2025-08-21,SM
NA,6729612507877252,1,Kontrolle,2025-09-02,SM
NA,4477812694192004,3,K am,2025-08-26,SM
NA,8981412321562500,1,Kontrolle,2025-09-05,DM
NA,8981412321562500,2,BE am,2025-09-05,LK
NA,8981412321562500,3,K am,2025-09-08,LK
NA,4530589252325252,1,Kontrolle,2025-09-05,DM
NA,4530589252325252,2,BE am,2025-09-10,LK
NA,1152889531797380,2,BE am,2025-08-19,LK
NA,5656489159167876,1,Kontrolle,2025-09-05,DM
NA,5093539205746564,1,Kontrolle,2025-09-05,DM
NA,5093539205746564,2,BE am,2025-09-09,LK
NA,7345339019431812,2,BE am,2025-08-19,SM
NA,1715839485218692,3,K am,2025-08-21,SM
NA,6219439112589188,1,Kontrolle,2025-09-02,SM
NA,3967639298903940,1,Kontrolle,2025-09-05,DM
NA,8471238926274436,1,Kontrolle,2025-09-01,SM
NA,8471238926274436,2,BE am,2025-09-09,LK
NA,7063864042721156,1,Kontrolle,2025-09-05,DM
NA,3686164322193284,2,BE am,2025-09-04,LK
NA,8189763949563780,1,Kontrolle,2025-09-05,DM
NA,3123214368771972,3,K am,2025-08-21,SM
NA,7626813996142468,3,K am,2025-08-21,SM
NA,1997314461929348,1,Kontrolle,2025-09-05,DM
NA,6500914089299844,1,Kontrolle,2025-09-05,DM
NA,6500914089299844,2,BE am,2025-09-10,LK
NA,4249114275614596,1,Kontrolle,2025-09-05,DM
NA,4249114275614596,2,BE am,2025-09-09,LK
NA,2419526926995332,3,K am,2025-08-26,SM
NA,5797226647523204,1,Kontrolle,2025-09-10,HI
NA,1856576973574020,1,Kontrolle,2025-09-09,SM
NA,6360176600944516,1,Kontrolle,2025-09-05,DM
NA,4108376787259268,1,Kontrolle,2025-09-05,DM
NA,4108376787259268,2,BE am,2025-09-09,LK
NA,8611976414629764,3,K am,2025-08-21,SM
NA,4952801717391236,3,K am,2025-08-21,SM
NA,2701001903705988,1,Kontrolle,2025-09-02,SM
NA,7204601531076484,1,Kontrolle,2025-09-05,DM
NA,1575101996863364,3,K am,2025-08-26,SM
NA,1012152043442052,2,BE am,2025-08-25,SM
NA,1012152043442052,3,K am,2025-08-27,LK
NA,8893451391340420,1,Kontrolle,2025-09-05,DM
NA,97358369132420,2,BE am,2025-08-18,LK
NA,97358369132420,3,K am,2025-08-26,SM
NA,4600957996502916,1,Kontrolle,2025-09-05,DM
NA,4600957996502916,2,BE am,2025-09-09,LK
NA,2349158182817668,1,Kontrolle,2025-09-05,DM
NA,2349158182817668,2,BE am,2025-09-10,LK
NA,6852757810188164,1,Kontrolle,2025-09-05,DM
NA,6852757810188164,2,BE am,2025-09-09,LK
NA,5163907949924228,1,Kontrolle,2025-09-05,DM
NA,378833345843076,3,K am,2025-08-21,SM
NA,4882432973213572,1,Kontrolle,2025-09-05,DM
NA,2630633159528324,2,BE am,2025-08-18,LK
NA,2630633159528324,3,K am,2025-08-26,SM
NA,7134232786898820,1,Kontrolle,2025-09-05,DM
NA,7134232786898820,2,BE am,2025-09-09,LK
NA,3756533066370948,1,Kontrolle,2025-09-01,SM
NA,3756533066370948,2,BE am,2025-09-11,SM
NA,8260132693741444,1,Kontrolle,2025-09-02,SM
NA,5445382926634884,1,Kontrolle,2025-09-05,DM
NA,5445382926634884,2,BE am,2025-09-10,LK
NA,7697182740320132,1,Kontrolle,2025-09-05,DM
NA,8823082647162756,1,Kontrolle,2025-09-05,DM
NA,2489895671172996,2,BE am,2025-08-19,SM
NA,2489895671172996,3,K am,2025-08-26,SM
NA,1363995764330372,1,Kontrolle,2025-08-26,SM
NA,5867595391700868,1,Kontrolle,2025-09-05,DM
NA,5867595391700868,2,BE am,2025-09-10,LK
NA,3615795578015620,1,Kontrolle,2025-09-05,DM
NA,3615795578015620,2,BE am,2025-09-09,LK
NA,5304645438279556,1,Kontrolle,2025-09-01,SM
NA,5304645438279556,2,BE am,2025-09-11,SM
NA,6430545345122180,1,Kontrolle,2025-09-10,HI
NA,6430545345122180,2,BE am,2025-09-10,LK
NA,8682345158807428,1,Kontrolle,2025-09-05,DM
NA,519570834198404,1,Kontrolle,2025-09-05,DM
NA,7274970275254148,1,Kontrolle,2025-09-01,SM
NA,7274970275254148,2,BE am,2025-09-08,SM
NA,6149070368411524,1,Kontrolle,2025-09-05,DM
NA,6149070368411524,2,BE am,2025-09-09,LK
NA,1082520787619716,1,Kontrolle,2025-09-05,DM
NA,1082520787619716,2,BE am,2025-09-10,LK
NA,7837920228675460,1,Kontrolle,2025-09-05,DM
NA,2208420694462340,1,Kontrolle,2025-09-01,SM
NA,4460220508147588,1,Kontrolle,2025-09-10,HI
NA,8963820135518084,1,Kontrolle,2025-08-27,LK
NA,5691673531256708,3,K am,2025-08-26,SM
NA,625123950464900,1,Kontrolle,2025-09-01,SM
NA,625123950464900,2,BE am,2025-09-11,SM
NA,1751023857307524,3,K am,2025-08-26,SM
NA,6254623484678020,1,Kontrolle,2025-09-05,DM
NA,6254623484678020,2,BE am,2025-09-10,LK
NA,4002823670992772,1,Kontrolle,2025-09-05,DM
NA,4002823670992772,2,BE am,2025-09-09,LK
NA,8506423298363268,1,Kontrolle,2025-09-05,DM
NA,8506423298363268,2,BE am,2025-09-10,LK
NA,4847248601124740,3,K am,2025-08-28,LK
NA,2595448787439492,3,K am,2025-08-27,LK
NA,7099048414809988,2,BE am,2025-08-19,LK
NA,1469548880596868,1,Kontrolle,2025-09-05,DM
NA,8224948321652612,3,K am,2025-08-26,SM
NA,7661998368231300,1,Kontrolle,2025-09-05,DM
NA,2032498834018180,3,K am,2025-08-26,SM
NA,4284298647703428,1,Kontrolle,2025-09-05,DM
NA,4284298647703428,2,BE am,2025-09-10,LK
NA,8787898275073924,3,K am,2025-08-27,LK
NA,202911485398916,3,K am,2025-08-27,LK
NA,2454711299084164,1,Kontrolle,2025-09-05,DM
NA,2454711299084164,2,BE am,2025-09-10,LK
NA,1328811392241540,3,K am,2025-08-27,LK
NA,3580611205926788,1,Kontrolle,2025-09-05,DM
NA,3017661252505476,3,K am,2025-08-26,SM
NA,4143561159348100,3,K am,2025-08-27,LK
NA,8647160786718596,1,Kontrolle,2025-09-01,SM
NA,8647160786718596,2,BE am,2025-09-09,LK
NA,484386462109572,3,K am,2025-08-27,LK
NA,4987986089480068,1,Kontrolle,2025-09-05,DM
NA,4987986089480068,2,BE am,2025-09-09,LK
NA,2736186275794820,3,K am,2025-08-27,LK
NA,1610286368952196,3,K am,2025-08-27,LK
NA,3862086182637444,3,K am,2025-08-27,LK
NA,8365685810007940,2,BE am,2025-08-19,LK
NA,1047336415530884,1,Kontrolle,2025-09-10,HI
NA,7802735856586628,1,Kontrolle,2025-09-01,SM
NA,7802735856586628,2,BE am,2025-09-08,SM
NA,2173236322373508,3,K am,2025-08-21,SM
NA,8928635763429252,1,Kontrolle,2025-09-08,HI
NA,2384342554906500,3,K am,2025-08-28,LK
NA,6887942182276996,2,BE am,2025-08-20,SM
NA,6887942182276996,3,K am,2025-08-28,LK
NA,1258442648063876,3,K am,2025-08-28,LK
NA,3510242461749124,1,Kontrolle,2025-09-10,HI
NA,8013842089119620,3,K am,2025-08-28,LK
NA,695492694642564,3,K am,2025-08-28,LK
NA,5199092322013060,2,BE am,2025-08-19,LK
NA,2947292508327812,1,Kontrolle,2025-09-10,HI
NA,6324992228855684,3,K am,2025-08-26,SM
NA,4073192415170436,1,Kontrolle,2025-09-01,SM
NA,4073192415170436,2,BE am,2025-09-11,SM
NA,8576792042540932,1,Kontrolle,2025-09-08,HI
NA,414017717931908,1,Kontrolle,2025-09-08,HI
NA,414017717931908,2,BE am,2025-09-10,LK
NA,4917617345302404,3,K am,2025-08-27,LK
NA,6043517252145028,1,Kontrolle,2025-08-26,SM
NA,3791717438459780,3,K am,2025-08-27,LK
NA,976967671353220,1,Kontrolle,2025-09-10,HI
NA,976967671353220,2,BE am,2025-09-10,LK
NA,5480567298723716,3,K am,2025-08-27,LK
NA,3228767485038468,2,BE am,2025-08-19,LK
NA,3228767485038468,3,K am,2025-08-27,LK
NA,2102867578195844,3,K am,2025-08-27,LK
NA,8858267019251588,3,K am,2025-08-26,SM
NA,4776879856947076,1,Kontrolle,2025-09-08,HI
NA,2525080043261828,1,Kontrolle,2025-09-08,HI
NA,2525080043261828,2,BE am,2025-09-10,LK
NA,7028679670632324,3,K am,2025-09-08,LK
NA,8154579577474948,3,K am,2025-08-27,LK
NA,836230182997892,3,K am,2025-08-27,LK
NA,3088029996683140,3,K am,2025-08-27,LK
NA,7591629624053636,1,Kontrolle,2025-08-27,LK
NA,1962130089840516,3,K am,2025-08-27,LK
NA,4213929903525764,3,K am,2025-08-27,LK
NA,5058354833657732,3,K am,2025-08-26,SM
NA,2806555019972484,2,BE am,2025-08-18,LK
NA,2806555019972484,3,K am,2025-08-21,SM
NA,7310154647342980,1,Kontrolle,2025-09-10,HI
NA,6184254740500356,1,Kontrolle,2025-09-09,SM
NA,3932454926815108,1,Kontrolle,2025-09-08,HI
NA,3369504973393796,1,Kontrolle,2025-09-02,SM
NA,7873104600764292,1,Kontrolle,2025-09-08,HI
NA,2243605066551172,3,K am,2025-08-27,LK
NA,6747204693921668,3,K am,2025-08-28,LK
NA,4999392399236,1,Kontrolle,2025-09-08,HI
NA,6760398833454980,1,Kontrolle,2025-09-08,HI
NA,6760398833454980,2,BE am,2025-09-09,LK
NA,1130899299241860,3,K am,2025-08-26,SM
NA,5634498926612356,3,K am,2025-08-21,SM
NA,3382699112927108,3,K am,2025-08-28,LK
NA,7886298740297604,1,Kontrolle,2025-09-01,SM
NA,7886298740297604,2,BE am,2025-09-09,LK
NA,567949345820548,1,Kontrolle,2025-09-08,HI
NA,567949345820548,2,BE am,2025-09-10,LK
NA,5071548973191044,3,K am,2025-08-28,LK
NA,7323348786876292,1,Kontrolle,2025-09-10,HI
NA,7323348786876292,2,BE am,2025-09-10,LK
NA,1693849252663172,1,Kontrolle,2025-09-01,SM
NA,1693849252663172,2,BE am,2025-09-09,LK
NA,3945649066348420,1,Kontrolle,2025-08-27,SM
NA,8449248693718916,3,K am,2025-08-28,LK
NA,286474369109892,3,K am,2025-08-28,LK
NA,2538274182795140,3,K am,2025-08-28,LK
NA,5915973903323012,1,Kontrolle,2025-09-01,SM
NA,5915973903323012,2,BE am,2025-09-08,SM
NA,3664174089637764,3,K am,2025-08-21,SM
NA,8167773717008260,3,K am,2025-08-21,SM
NA,849424322531204,1,Kontrolle,2025-09-02,SM
NA,5353023949901700,1,Kontrolle,2025-09-10,HI
NA,3101224136216452,1,Kontrolle,2025-09-01,SM
NA,3101224136216452,2,BE am,2025-09-09,LK
NA,7604823763586948,1,Kontrolle,2025-08-27,SM
NA,1975324229373828,1,Kontrolle,2025-09-09,SM
NA,1975324229373828,2,BE am,2025-09-10,LK
NA,6478923856744324,1,Kontrolle,2025-09-08,HI
NA,6478923856744324,2,BE am,2025-09-09,LK
NA,4227124043059076,3,K am,2025-08-28,LK
NA,145736880754564,1,Kontrolle,2025-09-08,HI
NA,145736880754564,2,BE am,2025-09-10,LK
NA,4649336508125060,3,K am,2025-08-28,LK
NA,2397536694439812,3,K am,2025-08-28,LK
NA,6901136321810308,2,BE am,2025-09-04,LK
NA,1271636787597188,1,Kontrolle,2025-09-08,HI
NA,8027036228652932,3,K am,2025-08-21,SM
NA,708686834175876,3,K am,2025-08-26,SM
NA,2960486647861124,1,Kontrolle,2025-09-02,SM
NA,1834586741018500,1,Kontrolle,2025-09-01,SM
NA,1834586741018500,2,BE am,2025-09-11,SM
NA,6338186368388996,3,K am,2025-08-27,SM
NA,4086386554703748,1,Kontrolle,2025-09-09,SM
NA,8589986182074244,3,K am,2025-09-08,LK
NA,427211857465220,1,Kontrolle,2025-08-28,LK
NA,427211857465220,2,BE am,2025-09-05,LK
NA,427211857465220,3,K am,2025-09-08,LK
NA,2679011671150468,1,Kontrolle,2025-09-08,HI
NA,7182611298520964,3,K am,2025-08-28,LK
NA,1553111764307844,3,K am,2025-08-28,LK
NA,3804911577993092,1,Kontrolle,2025-09-10,HI
NA,3241961624571780,1,Kontrolle,2025-09-01,SM
NA,3241961624571780,2,BE am,2025-09-08,SM
NA,6619661345099652,1,Kontrolle,2025-09-09,SM
NA,4367861531414404,1,Kontrolle,2025-09-08,HI
NA,8871461158784900,1,Kontrolle,2025-09-01,SM
NA,75368136576900,3,K am,2025-08-27,SM
NA,4578967763947396,1,Kontrolle,2025-09-08,HI
NA,4578967763947396,2,BE am,2025-09-10,LK
NA,2327167950262148,3,K am,2025-09-08,LK
NA,1201268043419524,1,Kontrolle,2025-09-08,HI
NA,5704867670790020,1,Kontrolle,2025-09-08,LK
NA,3453067857104772,2,BE am,2025-08-19,LK
NA,3453067857104772,3,K am,2025-08-28,LK
NA,638318089998212,1,Kontrolle,2025-09-08,HI
NA,7393717531053956,1,Kontrolle,2025-09-08,HI
NA,1764217996840836,2,BE am,2025-08-19,LK
NA,1764217996840836,3,K am,2025-08-28,LK
NA,6267817624211332,1,Kontrolle,2025-09-08,HI
NA,6267817624211332,2,BE am,2025-09-10,LK
NA,4016017810526084,2,BE am,2025-08-19,SM
NA,4016017810526084,3,K am,2025-08-26,SM
NA,2608642926972804,1,Kontrolle,2025-09-08,HI
NA,1482743020130180,3,K am,2025-08-27,SM
NA,5986342647500676,1,Kontrolle,2025-09-08,HI
NA,5986342647500676,2,BE am,2025-09-10,LK
NA,3734542833815428,3,K am,2025-08-28,LK
NA,919793066708868,3,K am,2025-08-28,LK
NA,3171592880394116,3,K am,2025-08-28,LK
NA,6549292600921988,1,Kontrolle,2025-09-08,HI
NA,6549292600921988,2,BE am,2025-09-09,LK
NA,4297492787236740,1,Kontrolle,2025-09-01,SM
NA,4297492787236740,2,BE am,2025-09-09,LK
NA,8801092414607236,3,K am,2025-08-29,LK
NA,216105624932228,3,K am,2025-08-29,LK
NA,4719705252302724,3,K am,2025-08-29,LK
NA,6971505065987972,3,K am,2025-08-29,LK
NA,1342005531774852,3,K am,2025-08-26,SM
NA,8097404972830596,1,Kontrolle,2025-09-09,SM
NA,779055578353540,1,Kontrolle,2025-09-10,HI
NA,5282655205724036,1,Kontrolle,2025-08-27,SM
NA,7534455019409284,3,K am,2025-09-08,LK
NA,1904955485196164,3,K am,2025-08-28,LK
NA,8660354926251908,1,Kontrolle,2025-09-08,HI
NA,8660354926251908,2,BE am,2025-09-09,LK
NA,497580601642884,3,K am,2025-08-26,SM
NA,5001180229013380,3,K am,2025-08-21,SM
NA,7252980042698628,1,Kontrolle,2025-09-09,SM
NA,1623480508485508,1,Kontrolle,2025-09-08,HI
NA,8378879949541252,3,K am,2025-08-28,LK
NA,1060530555064196,3,K am,2025-08-28,LK
NA,3312330368749444,3,K am,2025-08-28,LK
NA,7815929996119940,3,K am,2025-08-28,LK
NA,2186430461906820,2,BE am,2025-08-19,LK
NA,2186430461906820,3,K am,2025-08-28,LK
NA,6690030089277316,2,BE am,2025-08-19,LK
NA,4438230275592068,3,K am,2025-08-28,LK
NA,4543783391858564,1,Kontrolle,2025-09-01,SM
NA,4543783391858564,2,BE am,2025-09-09,LK
NA,2291983578173316,1,Kontrolle,2025-08-27,SM
NA,1166083671330692,3,K am,2025-08-26,SM
NA,603133717909380,1,Kontrolle,2025-09-08,HI
NA,5106733345279876,3,K am,2025-08-28,LK
NA,7358533158965124,3,K am,2025-08-28,LK
NA,6232633252122500,1,Kontrolle,2025-09-08,HI
NA,3980833438437252,3,K am,2025-09-08,LK
NA,8484433065807748,2,BE am,2025-08-19,LK
NA,8484433065807748,3,K am,2025-08-28,LK
NA,321658741198724,1,Kontrolle,2025-08-28,LK
NA,321658741198724,2,BE am,2025-09-05,LK
NA,7077058182254468,1,Kontrolle,2025-09-01,SM
NA,7077058182254468,2,BE am,2025-09-09,LK
NA,1447558648041348,3,K am,2025-08-28,LK
NA,5951158275411844,2,BE am,2025-08-19,LK
NA,5951158275411844,3,K am,2025-08-28,LK
NA,8202958089097092,2,BE am,2025-08-19,SM
NA,8202958089097092,3,K am,2025-08-26,SM
NA,3136408508305284,1,Kontrolle,2025-09-08,HI
NA,7640008135675780,1,Kontrolle,2025-09-08,HI
NA,2010508601462660,1,Kontrolle,2025-08-27,SM
NA,6514108228833156,1,Kontrolle,2025-09-08,HI
NA,6514108228833156,2,BE am,2025-09-10,LK
NA,4262308415147908,1,Kontrolle,2025-09-08,HI
NA,180921252843396,3,K am,2025-08-28,LK
NA,4684520880213892,3,K am,2025-08-28,LK
NA,2432721066528644,1,Kontrolle,2025-09-08,HI
NA,5810420787056516,1,Kontrolle,2025-09-10,HI
NA,3558620973371268,3,K am,2025-08-26,SM
NA,2995671019949956,1,Kontrolle,2025-09-08,HI
NA,1869771113107332,1,Kontrolle,2025-09-09,SM
NA,6373370740477828,1,Kontrolle,2025-08-28,LK
NA,4121570926792580,1,Kontrolle,2025-09-08,HI
NA,8625170554163076,3,K am,2025-08-28,LK
NA,4965995856924548,3,K am,2025-08-28,LK
NA,2714196043239300,3,K am,2025-08-28,LK
NA,7217795670609796,2,BE am,2025-08-19,LK
NA,1588296136396676,1,Kontrolle,2025-09-08,HI
NA,8343695577452420,1,Kontrolle,2025-09-01,SM
NA,8343695577452420,2,BE am,2025-09-08,SM
NA,3277145996660612,1,Kontrolle,2025-09-09,SM
NA,7780745624031108,1,Kontrolle,2025-09-08,HI
NA,2151246089817988,1,Kontrolle,2025-09-01,SM
NA,6654845717188484,2,BE am,2025-08-19,SM
NA,6654845717188484,3,K am,2025-08-28,SM
NA,4403045903503236,1,Kontrolle,2025-09-08,HI
NA,8906645530873732,1,Kontrolle,2025-09-08,HI
NA,110552508665732,3,K am,2025-09-08,LK
NA,2362352322350980,1,Kontrolle,2025-09-10,HI
NA,6865951949721476,3,K am,2025-09-08,LK
NA,1236452415508356,2,BE am,2025-08-19,LK
NA,3488252229193604,1,Kontrolle,2025-09-08,HI
NA,5177102089457540,1,Kontrolle,2025-09-01,SM
NA,5177102089457540,2,BE am,2025-09-11,SM
NA,2925302275772292,3,K am,2025-08-26,SM
NA,7428901903142788,3,K am,2025-08-21,SM
NA,1799402368929668,1,Kontrolle,2025-09-08,HI
NA,6303001996300164,1,Kontrolle,2025-09-09,HI
NA,2643827299061636,1,Kontrolle,2025-09-09,HI
NA,1517927392219012,1,Kontrolle,2025-09-09,HI
NA,6021527019589508,1,Kontrolle,2025-09-10,HI
NA,3769727205904260,2,BE am,2025-08-19,LK
NA,3769727205904260,3,K am,2025-08-28,LK
NA,8273326833274756,2,BE am,2025-08-19,LK
NA,954977438797700,1,Kontrolle,2025-09-09,HI
NA,7710376879853444,2,BE am,2025-08-19,SM
NA,7710376879853444,3,K am,2025-08-26,SM
NA,8836276786696068,1,Kontrolle,2025-09-09,HI
NA,251289997021060,1,Kontrolle,2025-09-01,SM
NA,251289997021060,2,BE am,2025-09-09,LK
NA,4754889624391556,1,Kontrolle,2025-08-28,SM
NA,2503089810706308,1,Kontrolle,2025-09-09,HI
NA,2503089810706308,2,BE am,2025-09-10,LK
NA,7006689438076804,1,Kontrolle,2025-09-09,HI
NA,1377189903863684,3,K am,2025-08-28,LK
NA,3628989717548932,1,Kontrolle,2025-09-09,HI
NA,8132589344919428,3,K am,2025-08-28,LK
NA,814239950442372,2,BE am,2025-08-19,LK
NA,814239950442372,3,K am,2025-08-28,LK
NA,5317839577812868,2,BE am,2025-08-19,LK
NA,3066039764127620,1,Kontrolle,2025-09-09,HI
NA,6443739484655492,1,Kontrolle,2025-09-09,HI
NA,4191939670970244,3,K am,2025-08-26,SM
NA,5036364601102212,1,Kontrolle,2025-09-09,HI
NA,2784564787416964,1,Kontrolle,2025-09-09,HI
NA,6162264507944836,1,Kontrolle,2025-09-09,HI
NA,3910464694259588,1,Kontrolle,2025-09-09,HI
NA,8414064321630084,3,K am,2025-08-28,LK
NA,5599314554523524,3,K am,2025-08-28,LK
NA,3347514740838276,2,BE am,2025-08-19,LK
NA,3347514740838276,3,K am,2025-08-28,LK
NA,7851114368208772,2,BE am,2025-09-04,LK
NA,2221614833995652,1,Kontrolle,2025-09-09,HI
NA,8977014275051396,3,K am,2025-08-28,LK
NA,22591578443652,3,K am,2025-08-26,SM
NA,6777991019499396,1,Kontrolle,2025-09-09,HI
NA,1148491485286276,1,Kontrolle,2025-09-09,HI
NA,7903890926342020,3,K am,2025-08-28,LK
NA,585541531864964,1,Kontrolle,2025-09-09,HI
NA,2837341345550212,1,Kontrolle,2025-09-09,HI
NA,7340940972920708,3,K am,2025-08-28,LK
NA,1711441438707588,2,BE am,2025-08-19,LK
NA,1711441438707588,3,K am,2025-08-28,LK
NA,6215041066078084,2,BE am,2025-09-04,LK
NA,3963241252392836,1,Kontrolle,2025-09-09,HI
NA,4807666182524804,3,K am,2025-08-28,LK
NA,2555866368839556,3,K am,2025-08-26,SM
NA,7059465996210052,3,K am,2025-08-21,SM
NA,3681766275682180,1,Kontrolle,2025-09-09,HI
NA,8185365903052676,1,Kontrolle,2025-09-01,SM
NA,8185365903052676,2,BE am,2025-09-09,LK
NA,5370616135946116,3,K am,2025-08-28,LK
NA,7622415949631364,1,Kontrolle,2025-08-28,LK
NA,6496516042788740,3,K am,2025-08-28,LK
NA,4244716229103492,2,BE am,2025-08-19,LK
NA,4244716229103492,3,K am,2025-08-28,LK
NA,163329066798980,1,Kontrolle,2025-09-09,HI
NA,1289228973641604,1,Kontrolle,2025-09-01,SM
NA,1289228973641604,2,BE am,2025-09-09,LK
NA,3541028787326852,1,Kontrolle,2025-09-09,HI
NA,8044628414697348,1,Kontrolle,2025-09-09,HI
NA,2978078833905540,1,Kontrolle,2025-09-09,HI
NA,7481678461276036,1,Kontrolle,2025-09-09,HI
NA,1852178927062916,3,K am,2025-08-28,LK
NA,4103978740748164,1,Kontrolle,2025-09-09,HI
NA,8607578368118660,3,K am,2025-09-08,LK
NA,444804043509636,2,BE am,2025-08-19,LK
NA,2696603857194884,1,Kontrolle,2025-09-09,HI
NA,6074303577722756,1,Kontrolle,2025-09-01,SM
NA,6074303577722756,2,BE am,2025-09-11,SM
NA,1007753996930948,1,Kontrolle,2025-09-01,SM
NA,5511353624301444,1,Kontrolle,2025-09-09,HI
NA,3259553810616196,1,Kontrolle,2025-09-09,HI
NA,7763153437986692,1,Kontrolle,2025-09-01,SM
NA,6637253531144068,1,Kontrolle,2025-09-09,HI
NA,4385453717458820,1,Kontrolle,2025-09-09,HI
NA,8889053344829316,3,K am,2025-08-28,LK
NA,4596559949991812,3,K am,2025-09-08,LK
NA,2344760136306564,2,BE am,2025-08-19,LK
NA,1218860229463940,1,Kontrolle,2025-09-09,HI
NA,7974259670519684,3,K am,2025-08-26,SM
NA,655910276042628,3,K am,2025-08-21,SM
NA,7411309717098372,1,Kontrolle,2025-09-09,HI
NA,1781810182885252,3,K am,2025-08-26,SM
NA,6285409810255748,1,Kontrolle,2025-08-28,SM
NA,4033609996570500,1,Kontrolle,2025-09-09,HI
NA,4033609996570500,2,BE am,2025-09-10,LK
NA,8537209623940996,1,Kontrolle,2025-09-08,LK
NA,8537209623940996,2,BE am,2025-09-09,LK
NA,374435299331972,2,BE am,2025-08-18,LK
NA,374435299331972,3,K am,2025-08-29,LK
NA,2626235113017220,1,Kontrolle,2025-09-10,HI
NA,7129834740387716,3,K am,2025-08-29,LK
NA,1500335206174596,2,BE am,2025-08-19,LK
NA,1500335206174596,3,K am,2025-08-29,LK
NA,3752135019859844,1,Kontrolle,2025-09-09,HI
NA,5440984880123780,3,K am,2025-08-29,LK
NA,3189185066438532,1,Kontrolle,2025-09-01,SM
NA,3189185066438532,2,BE am,2025-09-08,SM
NA,7692784693809028,1,Kontrolle,2025-09-01,SM
NA,7692784693809028,2,BE am,2025-09-09,LK
NA,2063285159595908,3,K am,2025-08-21,SM
NA,6566884786966404,1,Kontrolle,2025-09-09,SM
NA,233697810976644,3,K am,2025-08-29,LK
NA,4737297438347140,1,Kontrolle,2025-09-09,HI
NA,2485497624661892,3,K am,2025-08-29,LK
NA,1359597717819268,1,Kontrolle,2025-09-10,HI
NA,5863197345189764,3,K am,2025-08-29,LK
NA,3611397531504516,2,BE am,2025-08-19,LK
NA,3611397531504516,3,K am,2025-08-29,LK
NA,796647764397956,1,Kontrolle,2025-09-09,HI
NA,7552047205453700,3,K am,2025-08-29,LK
NA,1922547671240580,2,BE am,2025-09-04,LK
NA,6426147298611076,3,K am,2025-08-29,LK
NA,4174347484925828,1,Kontrolle,2025-09-10,HI
NA,8677947112296324,3,K am,2025-08-26,SM
NA,515172787687300,1,Kontrolle,2025-09-01,SM
NA,515172787687300,2,BE am,2025-09-09,LK
NA,5018772415057796,1,Kontrolle,2025-09-01,SM
NA,5018772415057796,2,BE am,2025-09-11,SM
NA,2766972601372548,1,Kontrolle,2025-09-09,HI
NA,1078122741108612,3,K am,2025-08-29,LK
NA,5581722368479108,1,Kontrolle,2025-09-10,HI
NA,3329922554793860,1,Kontrolle,2025-09-09,HI
NA,6707622275321732,1,Kontrolle,2025-09-10,HI
NA,4455822461636484,1,Kontrolle,2025-08-28,LK
NA,4455822461636484,2,BE am,2025-09-05,LK
NA,8959422089006980,3,K am,2025-08-26,SM
NA,6813175391588228,1,Kontrolle,2025-09-09,HI
NA,5687275484745604,3,K am,2025-08-28,SM
NA,7939075298430852,1,Kontrolle,2025-09-08,LK
NA,7939075298430852,2,BE am,2025-09-09,LK
NA,620725903953796,3,K am,2025-09-08,LK
NA,2872525717639044,3,K am,2025-09-08,LK
NA,8502025251852164,1,Kontrolle,2025-09-09,HI
NA,339250927243140,3,K am,2025-08-28,LK
NA,2591050740928388,1,Kontrolle,2025-09-01,SM
NA,1465150834085764,1,Kontrolle,2025-09-09,HI
NA,5968750461456260,1,Kontrolle,2025-09-09,HI
NA,5405800508034948,3,K am,2025-08-28,LK
NA,3154000694349700,3,K am,2025-08-28,LK
NA,6531700414877572,3,K am,2025-08-28,LK
NA,4702113066258308,1,Kontrolle,2025-09-09,HI
NA,2450313252573060,3,K am,2025-08-29,LK
NA,6953912879943556,3,K am,2025-08-26,SM
NA,8079812786786180,1,Kontrolle,2025-09-09,HI
NA,5265063019679620,2,BE am,2025-08-18,LK
NA,5265063019679620,3,K am,2025-08-28,SM
NA,7516862833364868,1,Kontrolle,2025-09-09,HI
NA,7516862833364868,2,BE am,2025-09-09,LK
NA,1887363299151748,3,K am,2025-08-29,LK
NA,4139163112836996,3,K am,2025-08-29,LK
NA,8642762740207492,2,BE am,2025-08-19,LK
NA,8642762740207492,3,K am,2025-08-29,LK
NA,7235387856654212,1,Kontrolle,2025-09-09,HI
NA,7235387856654212,2,BE am,2025-09-10,LK
NA,1605888322441092,1,Kontrolle,2025-09-01,SM
NA,1605888322441092,2,BE am,2025-09-09,LK
NA,6109487949811588,3,K am,2025-08-26,SM
NA,3857688136126340,1,Kontrolle,2025-09-01,SM
NA,1042938369019780,1,Kontrolle,2025-09-09,SM
NA,5546537996390276,1,Kontrolle,2025-09-09,HI
NA,2168838275862404,1,Kontrolle,2025-09-10,HI
NA,4420638089547652,1,Kontrolle,2025-09-10,HI
NA,8924237716918148,3,K am,2025-08-29,LK
NA,128144694710148,2,BE am,2025-08-19,LK
NA,128144694710148,3,K am,2025-08-29,LK
NA,2379944508395396,3,K am,2025-08-29,LK
NA,3505844415238020,1,Kontrolle,2025-09-09,HI
NA,5194694275501956,2,BE am,2025-08-18,LK
NA,5194694275501956,3,K am,2025-08-26,SM
NA,7446494089187204,1,Kontrolle,2025-09-09,HI
NA,1816994554974084,1,Kontrolle,2025-09-01,SM
NA,6320594182344580,1,Kontrolle,2025-08-28,SM
NA,8572393996029828,3,K am,2025-09-08,LK
NA,4913219298791300,1,Kontrolle,2025-09-10,HI
NA,1535519578263428,1,Kontrolle,2025-09-09,HI
NA,6039119205633924,2,BE am,2025-08-19,JHU
NA,972569624842116,1,Kontrolle,2025-09-09,HI
NA,972569624842116,2,BE am,2025-09-10,LK
NA,5476169252212612,1,Kontrolle,2025-09-09,HI
NA,7727969065897860,3,K am,2025-08-26,SM
NA,4350269345369988,1,Kontrolle,2025-09-09,HI
NA,268882183065476,1,Kontrolle,2025-09-01,SM
NA,268882183065476,2,BE am,2025-09-09,LK
NA,4772481810435972,1,Kontrolle,2025-08-28,SM
NA,2520681996750724,1,Kontrolle,2025-09-10,HI
NA,1394782089908100,2,BE am,2025-09-05,LK
NA,5335431763857284,3,K am,2025-08-26,SM
NA,1957732043329412,1,Kontrolle,2025-09-09,HI
NA,4209531857014660,3,K am,2025-08-26,SM
NA,8713131484385156,1,Kontrolle,2025-09-09,HI
NA,550357159776132,1,Kontrolle,2025-09-09,HI
NA,550357159776132,2,BE am,2025-09-10,LK
NA,5053956787146628,2,BE am,2025-08-20,SM
NA,1676257066618756,1,Kontrolle,2025-09-10,HI
NA,3928056880304004,2,BE am,2025-09-05,LK
NA,1113307113197444,2,BE am,2025-08-25,SM
NA,6742806647410564,1,Kontrolle,2025-08-26,SM
NA,4491006833725316,2,BE am,2025-08-19,SM
NA,4491006833725316,3,K am,2025-08-21,SM
NA,8994606461095812,1,Kontrolle,2025-09-09,HI
NA,13795485421444,1,Kontrolle,2025-09-09,HI
NA,4517395112791940,1,Kontrolle,2025-09-01,SM
NA,4517395112791940,2,BE am,2025-09-09,LK
NA,2265595299106692,1,Kontrolle,2025-09-09,HI
NA,3391495205949316,1,Kontrolle,2025-09-10,HI
NA,5080345066213252,2,BE am,2025-09-04,LK
NA,6206244973055876,2,BE am,2025-09-11,SM
NA,1421170368974724,1,Kontrolle,2025-09-09,HI
NA,5924769996345220,1,Kontrolle,2025-09-01,SM
NA,5924769996345220,2,BE am,2025-09-09,LK
NA,3672970182659972,1,Kontrolle,2025-08-28,SM
NA,858220415553412,1,Kontrolle,2025-09-10,HI
NA,5361820042923908,1,Kontrolle,2025-09-09,HI
NA,7613619856609156,1,Kontrolle,2025-09-10,HI
NA,8739519763451780,1,Kontrolle,2025-09-09,SM
NA,154532973776772,1,Kontrolle,2025-09-01,SM
NA,154532973776772,2,BE am,2025-09-11,SM
NA,6909932414832516,1,Kontrolle,2025-09-01,SM
NA,6909932414832516,2,BE am,2025-09-08,SM
NA,5784032507989892,1,Kontrolle,2025-09-09,SM
NA,3532232694304644,1,Kontrolle,2025-09-09,HI
NA,8035832321675140,3,K am,2025-08-26,SM
NA,5221082554568580,1,Kontrolle,2025-09-10,HI
NA,2969282740883332,1,Kontrolle,2025-09-10,HI
NA,7472882368253828,1,Kontrolle,2025-09-09,HI
NA,1843382834040708,1,Kontrolle,2025-09-10,HI
NA,6346982461411204,1,Kontrolle,2025-09-10,HI
NA,4095182647725956,1,Kontrolle,2025-09-10,HI
NA,4939607577857924,2,BE am,2025-09-04,LK
NA,2687807764172676,1,Kontrolle,2025-08-28,SM
NA,6065507484700548,3,K am,2025-08-21,SM
NA,3813707671015300,1,Kontrolle,2025-09-09,HI
NA,998957903908740,1,Kontrolle,2025-09-01,SM
NA,5502557531279236,1,Kontrolle,2025-09-09,HI
NA,5502557531279236,2,BE am,2025-09-10,LK
NA,6839563670654852,3,K am,2025-08-26,SM
NA,5713663763812228,3,K am,2025-08-21,SM
NA,3461863950126980,1,Kontrolle,2025-09-09,SM
NA,3461863950126980,3,K am,2025-08-26,SM
NA,7965463577497476,1,Kontrolle,2025-09-09,HI
NA,647114183020420,1,Kontrolle,2025-09-01,SM
NA,647114183020420,2,BE am,2025-09-09,LK
NA,2898913996705668,1,Kontrolle,2025-09-09,SM
NA,7402513624076164,1,Kontrolle,2025-09-09,SM
NA,6276613717233540,1,Kontrolle,2025-09-10,HI
NA,4024813903548292,1,Kontrolle,2025-09-10,HI
NA,3743338926837636,1,Kontrolle,2025-09-09,HI
NA,8246938554208132,1,Kontrolle,2025-09-01,SM
NA,8246938554208132,2,BE am,2025-09-11,SM
NA,928589159731076,1,Kontrolle,2025-08-28,SM
NA,3180388973416324,1,Kontrolle,2025-09-09,SM
NA,2054489066573700,3,K am,2025-08-26,SM
NA,224901717954436,1,Kontrolle,2025-09-10,HI
NA,8106201065852804,2,BE am,2025-08-19,SM
NA,8106201065852804,3,K am,2025-08-21,SM
NA,787851671375748,3,K am,2025-08-26,SM
NA,1913751578218372,1,Kontrolle,2025-09-09,HI
NA,6417351205588868,1,Kontrolle,2025-09-01,SM
NA,506376694665092,2,BE am,2025-08-20,SM
NA,7261776135720836,1,Kontrolle,2025-09-10,HI
NA,6135876228878212,1,Kontrolle,2025-09-10,HI
NA,3884076415192964,1,Kontrolle,2025-09-09,HI
NA,7824726089142148,3,K am,2025-08-26,SM
NA,2195226554929028,3,K am,2025-08-21,SM
NA,6698826182299524,3,K am,2025-08-21,SM
NA,4447026368614276,3,K am,2025-08-26,SM
NA,8950625995984772,3,K am,2025-08-26,SM
NA,48979857510276,3,K am,2025-08-28,SM
NA,2300779671195524,2,BE am,2025-08-20,SM
NA,6804379298566020,3,K am,2025-09-08,LK
NA,1174879764352900,1,Kontrolle,2025-09-09,HI
NA,7930279205408644,2,BE am,2025-09-04,LK
NA,6241429345144708,2,BE am,2025-08-19,SM
NA,6241429345144708,3,K am,2025-08-21,SM
NA,3989629531459460,1,Kontrolle,2025-09-09,SM
NA,3989629531459460,3,K am,2025-08-26,SM
NA,330454834220932,1,Kontrolle,2025-09-01,SM
NA,4834054461591428,3,K am,2025-08-28,SM
NA,2582254647906180,1,Kontrolle,2025-09-09,SM
NA,6522904321855364,2,BE am,2025-09-11,SM
NA,4271104508170116,3,K am,2025-08-28,SM
NA,4693316973236100,1,Kontrolle,2025-09-09,SM
NA,6945116786921348,1,Kontrolle,2025-09-01,SM
NA,6945116786921348,2,BE am,2025-09-11,SM
NA,5819216880078724,1,Kontrolle,2025-09-09,HI
NA,8633966647185284,3,K am,2025-08-26,SM
NA,1597092229418884,1,Kontrolle,2025-09-09,HI
NA,6100691856789380,1,Kontrolle,2025-09-10,HI
NA,1245248508530564,1,Kontrolle,2025-09-10,HI
NA,5748848135901060,3,K am,2025-08-28,SM
NA,3497048322215812,1,Kontrolle,2025-09-09,SM
NA,5185898182479748,1,Kontrolle,2025-09-01,SM
NA,5185898182479748,2,BE am,2025-09-11,SM
NA,7437697996164996,2,BE am,2025-08-21,SM
NA,1808198461951876,1,Kontrolle,2025-09-09,HI
NA,400823578398596,1,Kontrolle,2025-09-09,HI
NA,1526723485241220,3,K am,2025-08-21,SM
NA,3778523298926468,1,Kontrolle,2025-09-09,SM
NA,963773531819908,1,Kontrolle,2025-09-01,SM
NA,963773531819908,2,BE am,2025-09-11,SM
NA,5467373159190404,3,K am,2025-08-28,SM
NA,3215573345505156,1,Kontrolle,2025-09-09,SM
NA,4341473252347780,1,Kontrolle,2025-09-10,HI
NA,260086090043268,2,BE am,2025-09-05,LK
NA,2511885903728516,1,Kontrolle,2025-09-09,HI
NA,5889585624256388,3,K am,2025-08-26,SM
NA,8141385437941636,1,Kontrolle,2025-08-28,SM
NA,5326635670835076,3,K am,2025-08-26,SM
NA,3074835857149828,1,Kontrolle,2025-09-09,HI
NA,7578435484520324,3,K am,2025-08-26,SM
NA,1948935950307204,2,BE am,2025-08-20,SM
NA,541561066753924,1,Kontrolle,2025-09-09,HI
NA,1104511020175236,3,K am,2025-08-21,SM
NA,6734010554388356,1,Kontrolle,2025-09-09,HI
NA,1157287578308484,2,BE am,2025-09-05,LK
NA,3409087391993732,2,BE am,2025-08-25,SM
NA,8475636972785540,1,Kontrolle,2025-09-09,HI
NA,1438762555019140,2,BE am,2025-08-25,SM
NA,2001712508440452,3,K am,2025-08-21,SM
NA,2423924973506436,3,K am,2025-08-21,SM
NA,6927524600876932,1,Kontrolle,2025-09-09,HI
NA,1298025066663812,3,K am,2025-08-26,SM
NA,735075113242500,2,BE am,2025-09-05,LK
NA,2986874926927748,2,BE am,2025-08-25,SM
NA,2705399950217092,2,BE am,2025-08-19,SM
NA,2705399950217092,3,K am,2025-08-21,SM
NA,7208999577587588,1,Kontrolle,2025-09-09,HI
NA,1579500043374468,3,K am,2025-08-26,SM
NA,1016550089953156,1,Kontrolle,2025-09-09,HI
NA,7771949531008900,1,Kontrolle,2025-09-09,HI
NA,4605356043014020,2,BE am,2025-09-11,SM
NA,5731255949856644,2,BE am,2025-09-11,SM
NA,2916506182750084,1,Kontrolle,2025-09-09,HI
NA,7420105810120580,1,Kontrolle,2025-09-09,HI
NA,6294205903277956,2,BE am,2025-09-04,LK
NA,4886831019724676,1,Kontrolle,2025-09-09,HI
NA,7138630833409924,3,K am,2025-08-21,SM
NA,1509131299196804,3,K am,2025-08-26,SM
NA,6012730926567300,1,Kontrolle,2025-09-09,HI
NA,3760931112882052,3,K am,2025-08-26,SM
NA,242493903998852,3,K am,2025-08-21,SM
NA,4746093531369348,3,K am,2025-08-26,SM
NA,2494293717684100,1,Kontrolle,2025-09-09,HI
NA,3057243671105412,1,Kontrolle,2025-09-10,HI
NA,1931343764262788,1,Kontrolle,2025-09-09,HI
NF,7444878376177540,1,Kontrolle,2025-08-18,JHU
NF,3785703678939012,1,Kontrolle,2025-09-01,JHU
NF,5474553539202948,1,Kontrolle,2025-09-03,JHU
NF,7726353352888196,1,Kontrolle,2025-09-02,HI
NF,267266470055812,1,Kontrolle,2025-09-02,HI
NF,7022665911111556,1,Kontrolle,2025-08-19,JHU
NF,8711515771375492,1,Kontrolle,2025-09-01,HI
NF,7304140887822212,3,K am,2025-08-18,HI
NF,6178240980979588,1,Kontrolle,2025-08-19,JHU
NF,1111691400187780,1,Kontrolle,2025-09-01,JHU
NF,4489391120715652,3,K am,2025-08-18,HI
NF,5078729353203588,1,Kontrolle,2025-09-03,JHU
NF,6204629260046212,1,Kontrolle,2025-08-19,HI
NF,8174954097020804,1,Kontrolle,2025-08-19,HI
NF,8174954097020804,2,BE am,2025-09-03,LK
NF,8174954097020804,3,K am,2025-09-09,HI
NF,1982504609386372,3,K am,2025-08-19,HI
NF,6486104236756868,1,Kontrolle,2025-09-01,HI
NF,4656516888137604,3,K am,2025-08-19,HI
NF,8034216608665476,3,K am,2025-08-19,HI
NF,6345366748401540,3,K am,2025-08-19,HI
NF,4093566934716292,3,K am,2025-08-19,HI
NF,8597166562086788,1,Kontrolle,2025-09-01,HI
NF,2686192051163012,3,K am,2025-08-19,HI
NF,7189791678533508,3,K am,2025-08-19,HI
NF,3249142004584324,3,K am,2025-08-19,HI
NF,4586148143959940,3,K am,2025-08-19,HI
NF,7963847864487812,2,BE am,2025-08-20,JHU
NF,7963847864487812,3,K am,2025-08-20,JHU
NF,7963847864487812,4,C am,2025-08-20,JHU
NF,5149098097381252,1,Kontrolle,2025-09-01,JHU
NF,6274998004223876,3,K am,2025-08-19,HI
NF,6556472980934532,1,Kontrolle,2025-08-19,HI
NF,4304673167249284,3,K am,2025-08-19,HI
NF,8808272794619780,1,Kontrolle,2025-08-19,HI
NF,1349185911787396,3,K am,2025-08-19,HI
NF,5852785539157892,1,Kontrolle,2025-09-01,HI
NF,5289835585736580,3,K am,2025-08-19,HI
NF,5008360609025924,3,K am,2025-08-19,HI
NF,3882460702183300,3,K am,2025-08-19,HI
NF,7823110376132484,3,K am,2025-08-19,HI
NF,5113913725292420,1,Kontrolle,2025-09-01,HI
NF,7365713538977668,1,Kontrolle,2025-09-02,HI
NF,8561982189997956,1,Kontrolle,2025-09-02,HI
NF,2510270190718852,1,Kontrolle,2025-09-02,HI
NF,2510270190718852,2,BE am,2025-09-04,SM
NF,2510270190718852,3,K am,2025-09-09,HI
NF,3073220144140164,2,BE am,2025-08-20,JHU
NF,3073220144140164,3,K am,2025-08-20,JHU
NF,3073220144140164,4,C am,2025-08-20,JHU
NF,3354695120850820,3,K am,2025-08-19,HI
NF,8984194655063940,4,C am,2025-09-03,HI
NF,8984194655063940,5,Reopen C2 am,2025-09-09,SM
NF,592721911877508,1,Kontrolle,2025-09-01,HI
NF,1718621818720132,3,K am,2025-08-19,HI
NF,2563046748852100,1,Kontrolle,2025-09-01,JHU
NF,2563046748852100,2,BE am,2025-09-03,LK
NF,2563046748852100,3,K am,2025-09-09,HI
NF,2000096795430788,3,K am,2025-08-19,HI
NF,6503696422801284,1,Kontrolle,2025-09-02,HI
NF,4251896609116036,3,K am,2025-08-19,HI
NF,3548209167339396,1,Kontrolle,2025-09-03,HI
NF,3548209167339396,2,BE am,2025-09-03,LK
NF,3548209167339396,3,K am,2025-09-09,HI
NF,451984423522180,3,K am,2025-08-19,HI
NF,5518534004313988,3,K am,2025-08-19,HI
NF,8896233724841860,3,K am,2025-08-19,HI
NF,6011115213557636,3,K am,2025-08-19,HI
NF,8262915027242884,3,K am,2025-08-19,HI
NF,4322265353293700,1,Kontrolle,2025-09-09,HI
NF,5307427771780996,3,K am,2025-08-19,HI
NF,5025952795070340,1,Kontrolle,2025-08-19,HI
NF,2774152981385092,1,Kontrolle,2025-09-01,HI
NF,2774152981385092,2,BE am,2025-09-03,LK
NF,2774152981385092,3,K am,2025-09-09,HI
NF,1472331214098308,1,Kontrolle,2025-09-01,JHU
NF,8227730655154052,1,Kontrolle,2025-09-02,HI
NF,8227730655154052,2,BE am,2025-09-03,LK
NF,8227730655154052,3,K am,2025-09-09,HI
NF,5412980888047492,1,Kontrolle,2025-09-01,HI
NF,5412980888047492,2,BE am,2025-09-04,SM
NF,5412980888047492,3,K am,2025-09-09,HI
NF,7664780701732740,1,Kontrolle,2025-09-01,HI
NF,5835193353113476,1,Kontrolle,2025-09-01,JHU
NF,3583393539428228,1,Kontrolle,2025-09-01,JHU
NF,768643772321668,1,Kontrolle,2025-09-01,JHU
NF,5272243399692164,1,Kontrolle,2025-09-02,HI
NF,7524043213377412,1,Kontrolle,2025-09-09,HI
NF,1894543679164292,1,Kontrolle,2025-09-02,HI
NF,4146343492849540,1,Kontrolle,2025-09-02,HI
NF,8649943120220036,1,Kontrolle,2025-09-02,HI
NF,487168795611012,1,Kontrolle,2025-09-02,HI
NF,4990768422981508,1,Kontrolle,2025-09-02,HI
NF,2738968609296260,1,Kontrolle,2025-09-02,HI
NF,6116668329824132,1,Kontrolle,2025-09-09,HI
NF,3864868516138884,1,Kontrolle,2025-09-01,JHU
NF,3301918562717572,1,Kontrolle,2025-09-01,JHU
NF,7805518190088068,1,Kontrolle,2025-09-02,HI
NF,6679618283245444,1,Kontrolle,2025-09-02,HI
NF,4427818469560196,1,Kontrolle,2025-09-02,HI
NF,8931418096930692,3,K am,2025-09-09,HI
NF,135325074722692,1,Kontrolle,2025-09-02,HI
NF,2387124888407940,1,Kontrolle,2025-09-02,HI
NF,6890724515778436,1,Kontrolle,2025-09-02,HI
NF,1261224981565316,1,Kontrolle,2025-09-02,HI
NF,8016624422621060,1,Kontrolle,2025-09-09,HI
NF,698275028144004,1,Kontrolle,2025-09-01,JHU
NF,5201874655514500,1,Kontrolle,2025-09-01,JHU
NF,2950074841829252,1,Kontrolle,2025-09-01,JHU
NF,7453674469199748,1,Kontrolle,2025-09-02,HI
NF,1824174934986628,1,Kontrolle,2025-09-01,JHU
NF,6327774562357124,1,Kontrolle,2025-09-02,HI
NF,8579574376042372,1,Kontrolle,2025-09-02,HI
NF,416800051433348,1,Kontrolle,2025-09-02,HI
NF,2668599865118596,1,Kontrolle,2025-09-01,HI
NF,7172199492489092,1,Kontrolle,2025-09-02,HI
NF,1542699958275972,1,Kontrolle,2025-09-02,HI
NF,6046299585646468,1,Kontrolle,2025-09-02,HI
NF,3794499771961220,1,Kontrolle,2025-09-01,HI
NF,3653762283605892,2,BE am,2025-08-25,EK
NF,3653762283605892,3,K am,2025-08-29,LK
NF,8157361910976388,2,BE am,2025-08-25,EK
NF,8157361910976388,3,K am,2025-08-29,LK
NF,2809337353473924,1,Kontrolle,2025-09-02,HI
NF,7312936980844420,3,K am,2025-08-19,HI
NF,6187037074001796,3,K am,2025-08-29,LK
NF,1120487493209988,1,Kontrolle,2025-09-02,HI
NF,3372287306895236,2,BE am,2025-08-25,EK
NF,3372287306895236,3,K am,2025-08-29,LK
NF,7781725900676,3,K am,2025-08-19,HI
NF,1133681632743300,1,Kontrolle,2025-09-02,HI
NF,3385481446428548,1,Kontrolle,2025-09-02,HI
NF,5074331306692484,1,Kontrolle,2025-09-02,HI
NF,7326131120377732,3,K am,2025-08-19,HI
NF,6200231213535108,2,BE am,2025-08-20,JHU
NF,6200231213535108,3,K am,2025-08-20,JHU
NF,6200231213535108,4,C am,2025-08-20,JHU
NF,852206656032644,1,Kontrolle,2025-09-01,HI
NF,852206656032644,2,BE am,2025-09-08,JHU
NF,852206656032644,3,K am,2025-09-10,JHU
NF,6481706190245764,3,K am,2025-08-19,HI
NF,8733506003931012,2,BE am,2025-08-20,JHU
NF,8733506003931012,3,K am,2025-08-20,JHU
NF,8733506003931012,4,C am,2025-08-20,JHU
NF,711469167677316,1,Kontrolle,2025-09-01,HI
NF,711469167677316,2,BE am,2025-09-03,LK
NF,711469167677316,3,K am,2025-09-09,HI
NF,1555894097809284,1,Kontrolle,2025-09-01,HI
NF,8874243492286340,1,Kontrolle,2025-08-19,HI
NF,2329950283763588,1,Kontrolle,2025-09-01,HI
NF,5707650004291460,1,Kontrolle,2025-09-01,JHU
NF,4863225074159492,1,Kontrolle,2025-09-02,HI
NF,218887958433668,3,K am,2025-08-19,HI
NF,4722487585804164,1,Kontrolle,2025-09-01,HI
NF,5848387492646788,3,K am,2025-08-19,HI
NF,8663137259753348,2,BE am,2025-09-03,HI
NF,8663137259753348,3,K am,2025-09-09,HI
NF,500362935144324,1,Kontrolle,2025-09-09,HI
NF,5003962562514820,1,Kontrolle,2025-09-05,DM
NF,2752162748829572,1,Kontrolle,2025-08-28,EK
NF,1168866004832132,3,K am,2025-08-19,HI
NF,7924265445887876,1,Kontrolle,2025-09-02,HI
NF,5109515678781316,3,K am,2025-08-19,HI
NF,324441074700164,1,Kontrolle,2025-09-01,JHU
NF,7079840515755908,2,BE am,2025-09-03,HI
NF,7079840515755908,3,K am,2025-09-09,HI
NF,3139190841806724,1,Kontrolle,2025-09-08,JHU
NF,6939103027400580,1,Kontrolle,2025-09-01,HI
NF,6939103027400580,2,BE am,2025-09-03,LK
NF,6939103027400580,3,K am,2025-09-09,HI
NF,3561403306872708,1,Kontrolle,2025-09-01,HI
NF,3561403306872708,2,BE am,2025-09-03,LK
NF,3561403306872708,3,K am,2025-09-09,HI
NF,8065002934243204,1,Kontrolle,2025-09-01,HI
NF,8065002934243204,2,BE am,2025-09-04,SM
NF,8065002934243204,3,K am,2025-09-09,HI
NF,2998453353451396,1,Kontrolle,2025-09-02,HI
NF,7502052980821892,3,K am,2025-08-19,HI
NF,6376153073979268,3,K am,2025-08-19,HI
NF,7220578004111236,1,Kontrolle,2025-09-09,HI
NF,7783527957532548,3,K am,2025-08-19,HI
NF,7994634190065540,1,Kontrolle,2025-09-01,HI
NF,4053984516116356,1,Kontrolle,2025-09-01,HI
NF,4053984516116356,2,BE am,2025-09-08,JHU
NF,4053984516116356,3,K am,2025-09-10,JHU
NF,7009471771578244,3,K am,2025-08-19,HI
NF,1379972237365124,1,Kontrolle,2025-09-02,HI
NF,8135371678420868,1,Kontrolle,2025-09-01,JHU
NF,8135371678420868,2,BE am,2025-09-03,LK
NF,8135371678420868,3,K am,2025-09-09,HI
NF,1661447214075780,1,Kontrolle,2025-09-01,HI
NF,1661447214075780,2,BE am,2025-09-08,JHU
NF,1661447214075780,3,K am,2025-09-10,JHU
NF,3913247027761028,1,Kontrolle,2025-09-01,HI
NF,3913247027761028,2,BE am,2025-09-08,JHU
NF,3913247027761028,3,K am,2025-09-10,JHU
NF,25373911945092,1,Kontrolle,2025-09-02,HI
NF,5654873446158212,3,K am,2025-08-19,HI
NF,3403073632472964,3,K am,2025-08-19,HI
NF,7906673259843460,1,Kontrolle,2025-09-02,HI
NF,2840123679051652,1,Kontrolle,2025-09-10,JHU
NF,7343723306422148,1,Kontrolle,2025-09-01,JHU
NF,8469623213264772,1,Kontrolle,2025-09-01,JHU
NF,3684548609183620,1,Kontrolle,2025-08-19,HI
NF,3684548609183620,2,BE am,2025-08-25,EK
NF,3684548609183620,3,K am,2025-08-29,LK
NF,8188148236554116,3,K am,2025-08-19,HI
NF,869798842077060,1,Kontrolle,2025-09-01,HI
NF,5373398469447556,1,Kontrolle,2025-09-02,HI
NF,1995698748919684,1,Kontrolle,2025-09-09,HI
NF,8610360701620100,1,Kontrolle,2025-09-01,JHU
NF,1573486283853700,1,Kontrolle,2025-09-02,HI
NF,8328885724909444,1,Kontrolle,2025-09-02,HI
NF,5514135957802884,1,Kontrolle,2025-09-02,HI
NF,7765935771488132,1,Kontrolle,2025-09-02,HI
NF,2136436237275012,1,Kontrolle,2025-09-02,HI
NF,6640035864645508,1,Kontrolle,2025-09-02,HI
NF,236480144478084,1,Kontrolle,2025-09-02,HI
NF,3614179865005956,1,Kontrolle,2025-09-09,HI
NF,799430097899396,1,Kontrolle,2025-09-01,HI
NF,799430097899396,2,BE am,2025-09-03,LK
NF,799430097899396,3,K am,2025-09-09,HI
NF,3051229911584644,1,Kontrolle,2025-09-01,HI
NF,3051229911584644,2,BE am,2025-09-03,LK
NF,3051229911584644,3,K am,2025-09-09,HI
NF,8680729445797764,1,Kontrolle,2025-09-02,HI
NF,517955121188740,1,Kontrolle,2025-09-02,HI
NF,5021554748559236,1,Kontrolle,2025-09-02,HI
NF,2769754934873988,3,K am,2025-08-19,HI
NF,1643855028031364,2,BE am,2025-08-20,JHU
NF,1643855028031364,3,K am,2025-08-20,JHU
NF,1643855028031364,4,C am,2025-08-20,JHU
NF,8399254469087108,1,Kontrolle,2025-09-02,HI
NF,1080905074610052,1,Kontrolle,2025-09-01,JHU
NF,1080905074610052,2,BE am,2025-09-03,LK
NF,1080905074610052,3,K am,2025-09-09,HI
NF,5584504701980548,1,Kontrolle,2025-09-01,JHU
NF,7836304515665796,1,Kontrolle,2025-09-02,HI
NF,7836304515665796,2,BE am,2025-09-03,LK
NF,7836304515665796,3,K am,2025-09-09,HI
NF,4564157911404420,1,Kontrolle,2025-09-02,HI
NF,2312358097719172,1,Kontrolle,2025-09-02,HI
NF,1186458190876548,1,Kontrolle,2025-09-02,HI
NF,3438258004561796,2,BE am,2025-08-20,JHU
NF,3438258004561796,3,K am,2025-08-20,JHU
NF,3438258004561796,4,C am,2025-08-20,JHU
NF,7378907678510980,1,Kontrolle,2025-09-01,JHU
NF,8504807585353604,1,Kontrolle,2025-09-02,HI
NF,8504807585353604,2,BE am,2025-09-04,SM
NF,8504807585353604,3,K am,2025-09-09,HI
NF,342033260744580,1,Kontrolle,2025-09-02,HI
NF,342033260744580,2,BE am,2025-09-04,SM
NF,342033260744580,3,K am,2025-09-09,HI
NF,7097432701800324,1,Kontrolle,2025-09-02,HI
NF,1467933167587204,3,K am,2025-08-19,HI
NF,5971532794957700,1,Kontrolle,2025-09-02,HI
NF,3719732981272452,1,Kontrolle,2025-09-02,HI
NF,8223332608642948,1,Kontrolle,2025-09-02,HI
NF,2030883121008516,1,Kontrolle,2025-09-02,HI
NF,2030883121008516,2,BE am,2025-09-03,LK
NF,2030883121008516,3,K am,2025-09-10,JHU
NF,6534482748379012,1,Kontrolle,2025-09-02,HI
NF,6534482748379012,2,BE am,2025-09-03,LK
NF,6534482748379012,3,K am,2025-09-10,JHU
NF,201295772389252,1,Kontrolle,2025-09-09,SM
NF,1045720702521220,3,K am,2025-08-19,HI
NF,5549320329891716,3,K am,2025-08-19,HI
NF,3297520516206468,2,BE am,2025-08-25,EK
NF,3297520516206468,3,K am,2025-08-29,LK
NF,7449276422688644,3,K am,2025-08-19,HI
NF,1819776888475524,1,Kontrolle,2025-09-02,HI
NF,412402004922244,1,Kontrolle,2025-08-19,HI
NF,1538301911764868,3,K am,2025-08-19,HI
NF,975351958343556,3,K am,2025-08-19,HI
NF,2101251865186180,3,K am,2025-08-19,HI
NF,4212314190516100,1,Kontrolle,2025-08-19,HI
NF,4212314190516100,2,BE am,2025-08-25,EK
NF,4212314190516100,3,K am,2025-08-29,LK
NF,8715913817886596,3,K am,2025-08-19,HI
NF,553139493277572,3,K am,2025-08-19,HI
NF,6182639027490692,1,Kontrolle,2025-09-01,JHU
NF,1116089446698884,1,Kontrolle,2025-09-02,HI
NF,6745588980912004,3,K am,2025-08-19,HI
NF,4520177446293380,2,BE am,2025-08-25,EK
NF,4520177446293380,3,K am,2025-08-29,LK
NF,2268377632608132,2,BE am,2025-08-25,EK
NF,2268377632608132,3,K am,2025-08-29,LK
NF,1142477725765508,2,BE am,2025-08-20,JHU
NF,1142477725765508,3,K am,2025-08-20,JHU
NF,1142477725765508,4,C am,2025-08-20,JHU
NF,579527772344196,1,Kontrolle,2025-09-01,JHU
NF,579527772344196,2,BE am,2025-09-03,LK
NF,579527772344196,3,K am,2025-09-10,JHU
NF,2831327586029444,3,K am,2025-08-19,HI
NF,3957227492872068,1,Kontrolle,2025-09-02,HI
NF,8460827120242564,1,Kontrolle,2025-09-02,HI
NF,4801652423004036,1,Kontrolle,2025-09-02,HI
NF,7053452236689284,1,Kontrolle,2025-08-29,LK
NF,1423952702476164,3,K am,2025-08-19,HI
NF,3112802562740100,1,Kontrolle,2025-09-01,JHU
NF,3112802562740100,2,BE am,2025-09-03,LK
NF,3112802562740100,3,K am,2025-09-10,JHU
NF,7616402190110596,1,Kontrolle,2025-09-01,JHU
NF,8742302096953220,1,Kontrolle,2025-08-27,JHU
NF,8742302096953220,2,BE am,2025-09-03,LK
NF,8742302096953220,3,K am,2025-09-10,JHU
NF,157315307278212,3,K am,2025-08-19,HI
NF,4660914934648708,1,Kontrolle,2025-08-27,JHU
NF,1283215214120836,1,Kontrolle,2025-09-02,HI
NF,5786814841491332,3,K am,2025-08-19,HI
NF,3535015027806084,2,BE am,2025-08-25,EK
NF,3535015027806084,3,K am,2025-08-29,LK
NF,3253540051095428,2,BE am,2025-08-20,JHU
NF,3253540051095428,3,K am,2025-08-20,JHU
NF,3253540051095428,4,C am,2025-08-20,JHU
NF,2127640144252804,1,Kontrolle,2025-09-02,HI
NF,2127640144252804,2,BE am,2025-09-03,LK
NF,2127640144252804,3,K am,2025-09-10,JHU
NF,8883039585308548,1,Kontrolle,2025-09-01,JHU
NF,8883039585308548,2,BE am,2025-09-03,LK
NF,8883039585308548,3,K am,2025-09-10,JHU
NF,1212846469943172,1,Kontrolle,2025-09-02,HI
NF,5716446097313668,1,Kontrolle,2025-09-02,HI
NF,5153496143892356,3,K am,2025-08-19,HI
NF,7405295957577604,1,Kontrolle,2025-09-02,HI
NF,8531195864420228,1,Kontrolle,2025-09-01,JHU
NF,4872021167181700,1,Kontrolle,2025-09-01,JHU
NF,2620221353496452,1,Kontrolle,2025-09-02,HI
NF,3746121260339076,1,Kontrolle,2025-09-02,HI
NF,3183171306917764,1,Kontrolle,2025-08-19,HI
NF,2057271400075140,3,K am,2025-08-19,HI
NF,790634004877188,1,Kontrolle,2025-09-02,HI
NF,5294233632247684,1,Kontrolle,2025-09-02,HI
NF,8671933352775556,1,Kontrolle,2025-09-02,HI
NF,509159028166532,2,BE am,2025-08-20,JHU
NF,509159028166532,3,K am,2025-08-20,JHU
NF,509159028166532,4,C am,2025-08-20,JHU
NF,5575708608958340,3,K am,2025-08-19,HI
NF,2198008888430468,1,Kontrolle,2025-09-02,HI
NF,6701608515800964,1,Kontrolle,2025-09-02,SM
NF,4449808702115716,1,Kontrolle,2025-08-19,HI
NF,4449808702115716,2,BE am,2025-08-25,EK
NF,4449808702115716,3,K am,2025-08-29,LK
NF,8953408329486212,3,K am,2025-08-19,HI
NF,51762191011716,2,BE am,2025-08-25,EK
NF,51762191011716,3,K am,2025-08-29,LK
NF,4555361818382212,3,K am,2025-08-19,HI
NF,2303562004696964,2,BE am,2025-08-20,JHU
NF,2303562004696964,3,K am,2025-08-20,JHU
NF,2303562004696964,4,C am,2025-08-20,JHU
NF,1177662097854340,3,K am,2025-08-19,HI
NF,2866511958118276,1,Kontrolle,2025-08-19,HI
NF,2866511958118276,2,BE am,2025-08-25,EK
NF,2866511958118276,3,K am,2025-08-29,LK
NF,1740612051275652,3,K am,2025-08-20,LK
NF,6244211678646148,3,K am,2025-08-22,EK
NF,3992411864960900,1,Kontrolle,2025-09-02,HI
NF,8496011492331396,3,K am,2025-08-22,EK
NF,333237167722372,3,K am,2025-08-22,EK
NF,4836836795092868,3,K am,2025-08-22,EK
NF,2585036981407620,3,K am,2025-08-22,EK
NF,7088636608778116,3,K am,2025-08-20,LK
NF,7651586562199428,3,K am,2025-08-20,LK
NF,2022087027986308,1,Kontrolle,2025-08-20,LK
NF,2022087027986308,2,BE am,2025-08-25,EK
NF,2022087027986308,3,K am,2025-08-29,LK
NF,6525686655356804,3,K am,2025-08-20,LK
NF,192499679367044,1,Kontrolle,2025-09-02,EK
NF,4696099306737540,1,Kontrolle,2025-09-02,HI
NF,2444299493052292,1,Kontrolle,2025-09-02,HI
NF,6947899120422788,1,Kontrolle,2025-09-02,HI
NF,6384949167001476,3,K am,2025-08-22,EK
NF,4133149353316228,1,Kontrolle,2025-08-20,LK
NF,4133149353316228,2,BE am,2025-08-25,EK
NF,4133149353316228,3,K am,2025-08-29,LK
NF,8636748980686724,3,K am,2025-08-22,EK
NF,473974656077700,1,Kontrolle,2025-09-02,HI
NF,7229374097133444,3,K am,2025-08-20,LK
NF,1599874562920324,1,Kontrolle,2025-09-02,HI
NF,6103474190290820,1,Kontrolle,2025-09-02,HI
NF,3851674376605572,1,Kontrolle,2025-08-29,LK
NF,8355274003976068,1,Kontrolle,2025-09-02,HI
NF,1036924609499012,1,Kontrolle,2025-08-20,JHU
NF,3288724423184260,3,K am,2025-08-20,LK
NF,2162824516341636,3,K am,2025-08-20,LK
NF,6666424143712132,3,K am,2025-08-20,LK
NF,4414624330026884,1,Kontrolle,2025-09-10,JHU
NF,122130935189380,1,Kontrolle,2025-09-02,HI
NF,122130935189380,2,BE am,2025-09-03,LK
NF,122130935189380,3,K am,2025-09-10,JHU
NF,4625730562559876,1,Kontrolle,2025-09-02,HI
NF,4625730562559876,2,BE am,2025-09-03,LK
NF,4625730562559876,3,K am,2025-09-10,JHU
NF,2373930748874628,1,Kontrolle,2025-09-02,HI
NF,6877530376245124,1,Kontrolle,2025-09-02,HI
NF,5751630469402500,3,K am,2025-08-20,LK
NF,8003430283087748,1,Kontrolle,2025-09-02,HI
NF,685080888610692,1,Kontrolle,2025-09-02,HI
NF,5188680515981188,1,Kontrolle,2025-08-29,LK
NF,2936880702295940,2,BE am,2025-08-20,JHU
NF,2936880702295940,3,K am,2025-08-20,JHU
NF,2936880702295940,4,C am,2025-08-20,JHU
NF,1810980795453316,1,Kontrolle,2025-08-20,LK
NF,4062780609138564,3,K am,2025-08-20,LK
NF,403605911900036,3,K am,2025-08-20,LK
NF,4907205539270532,1,Kontrolle,2025-08-20,LK
NF,7159005352955780,3,K am,2025-08-20,LK
NF,1529505818742660,1,Kontrolle,2025-09-02,HI
NF,8284905259798404,1,Kontrolle,2025-08-20,LK
NF,8284905259798404,3,K am,2025-08-20,LK
NF,5470155492691844,3,K am,2025-08-20,LK
NF,7721955306377092,1,Kontrolle,2025-09-02,HI
NF,5892367957757828,1,Kontrolle,2025-08-22,EK
NF,3640568144072580,1,Kontrolle,2025-09-02,HI
NF,5329418004336516,2,BE am,2025-08-25,EK
NF,5329418004336516,3,K am,2025-08-29,LK
NF,3077618190651268,1,Kontrolle,2025-08-22,EK
NF,7581217818021764,1,Kontrolle,2025-09-02,HI
NF,1951718283808644,2,BE am,2025-08-25,EK
NF,1951718283808644,3,K am,2025-08-29,LK
NF,6455317911179140,1,Kontrolle,2025-09-02,HI
NF,5047943027625860,1,Kontrolle,2025-09-01,JHU
NF,6173842934468484,3,K am,2025-08-22,EK
NF,8425642748153732,1,Kontrolle,2025-09-02,HI
NF,8425642748153732,2,BE am,2025-09-04,SM
NF,8425642748153732,3,K am,2025-09-10,JHU
NF,1107293353676676,1,Kontrolle,2025-09-02,HI
NF,3359093167361924,1,Kontrolle,2025-09-02,HI
NF,7862692794732420,2,BE am,2025-08-25,EK
NF,7862692794732420,3,K am,2025-08-29,LK
NF,2233193260519300,3,K am,2025-08-22,EK
NF,6736792887889796,1,Kontrolle,2025-09-02,HI
NF,4484993074204548,2,BE am,2025-08-25,EK
NF,4484993074204548,3,K am,2025-08-29,LK
NF,8988592701575044,3,K am,2025-08-20,LK
NF,597119958388612,1,Kontrolle,2025-08-20,LK
NF,2848919772073860,3,K am,2025-08-22,EK
NF,6226619492601732,3,K am,2025-08-20,LK
NF,8478419306286980,3,K am,2025-08-20,LK
NF,315644981677956,1,Kontrolle,2025-08-29,LK
NF,315644981677956,2,BE am,2025-09-08,JHU
NF,4819244609048452,3,K am,2025-08-20,LK
NF,4256294655627140,3,K am,2025-08-22,EK
NF,2426707307007876,1,Kontrolle,2025-09-02,HI
NF,6930306934378372,3,K am,2025-08-22,EK
NF,1300807400165252,3,K am,2025-08-22,EK
NF,5804407027535748,2,BE am,2025-08-25,EK
NF,5804407027535748,3,K am,2025-08-29,LK
NF,3552607213850500,3,K am,2025-08-22,EK
NF,8056206841220996,2,BE am,2025-08-25,EK
NF,8056206841220996,3,K am,2025-08-29,LK
NF,2989657260429188,1,Kontrolle,2025-09-10,JHU
NF,1863757353586564,1,Kontrolle,2025-09-02,HI
NF,1863757353586564,2,BE am,2025-09-03,LK
NF,1863757353586564,3,K am,2025-09-10,JHU
NF,4115557167271812,3,K am,2025-08-22,EK
NF,4959982097403780,1,Kontrolle,2025-09-02,HI
NF,4959982097403780,2,BE am,2025-09-04,SM
NF,4959982097403780,3,K am,2025-09-10,JHU
NF,2708182283718532,1,Kontrolle,2025-09-02,HI
NF,7211781911089028,1,Kontrolle,2025-09-02,HI
NF,6085882004246404,1,Kontrolle,2025-09-02,HI
NF,3834082190561156,3,K am,2025-08-22,EK
NF,5522932050825092,1,Kontrolle,2025-09-02,HI
NF,3271132237139844,1,Kontrolle,2025-09-01,JHU
NF,6648831957667716,1,Kontrolle,2025-09-01,JHU
NF,8900631771352964,1,Kontrolle,2025-09-01,JHU
NF,6859938190200708,1,Kontrolle,2025-09-02,HI
NF,6859938190200708,2,BE am,2025-09-04,SM
NF,6859938190200708,3,K am,2025-09-10,JHU
NF,1230438655987588,3,K am,2025-08-22,EK
NF,5734038283358084,1,Kontrolle,2025-09-02,HI
NF,7985838097043332,3,K am,2025-08-22,EK
NF,5171088329936772,1,Kontrolle,2025-09-02,HI
NF,4889613353226116,1,Kontrolle,2025-09-01,JHU
NF,2637813539540868,1,Kontrolle,2025-08-20,LK
NF,6015513260068740,3,K am,2025-08-20,LK
NF,3763713446383492,1,Kontrolle,2025-09-02,HI
NF,8267313073753988,1,Kontrolle,2025-09-02,HI
NF,5452563306647428,3,K am,2025-08-22,EK
NF,3200763492962180,1,Kontrolle,2025-09-02,HI
NF,7704363120332676,1,Kontrolle,2025-09-02,HI
NF,2074863586119556,3,K am,2025-08-22,EK
NF,6578463213490052,1,Kontrolle,2025-08-20,LK
NF,7000675678556036,1,Kontrolle,2025-08-18,JHU
NF,7000675678556036,2,BE am,2025-09-03,LK
NF,7000675678556036,3,K am,2025-09-10,JHU
NF,1371176144342916,1,Kontrolle,2025-08-20,LK
NF,5874775771713412,3,K am,2025-08-20,LK
NF,8126575585398660,3,K am,2025-08-20,LK
NF,7563625631977348,1,Kontrolle,2025-09-02,SM
NF,7563625631977348,2,BE am,2025-09-08,JHU
NF,7563625631977348,3,K am,2025-09-10,JHU
NF,4185925911449476,3,K am,2025-08-22,EK
NF,526751214210948,2,BE am,2025-08-20,JHU
NF,526751214210948,3,K am,2025-08-20,JHU
NF,526751214210948,4,C am,2025-08-20,JHU
NF,6156250748424068,1,Kontrolle,2025-09-01,JHU
NF,3904450934738820,3,K am,2025-08-22,EK
NF,7845100608688004,1,Kontrolle,2025-09-02,HI
NF,2215601074474884,1,Kontrolle,2025-09-02,HI
NF,4467400888160132,1,Kontrolle,2025-09-01,JHU
NF,69354377056132,1,Kontrolle,2025-09-10,JHU
NF,4572954004426628,1,Kontrolle,2025-09-02,HI
NF,6824753818111876,1,Kontrolle,2025-09-01,JHU
NF,5698853911269252,1,Kontrolle,2025-09-02,HI
NF,3447054097584004,1,Kontrolle,2025-09-02,HI
NF,7950653724954500,3,K am,2025-08-22,EK
NF,5135903957847940,1,Kontrolle,2025-09-02,HI
NF,4010004051005316,1,Kontrolle,2025-09-01,JHU
NF,4010004051005316,2,BE am,2025-09-03,LK
NF,4010004051005316,3,K am,2025-09-10,JHU
NF,350829353766788,3,K am,2025-08-20,LK
NF,2602629167452036,1,Kontrolle,2025-09-02,HI
NF,2602629167452036,2,BE am,2025-09-03,LK
NF,2602629167452036,3,K am,2025-09-10,JHU
NF,7106228794822532,1,Kontrolle,2025-09-02,HI
NF,7106228794822532,2,BE am,2025-09-03,LK
NF,7106228794822532,3,K am,2025-09-10,JHU
NF,5980328887979908,1,Kontrolle,2025-09-02,HI
NF,5980328887979908,2,BE am,2025-09-04,SM
NF,5980328887979908,3,K am,2025-09-10,JHU
NF,8232128701665156,1,Kontrolle,2025-09-02,HI
NF,5417378934558596,1,Kontrolle,2025-09-02,HI
NF,3165579120873348,1,Kontrolle,2025-09-02,HI
NF,7669178748243844,1,Kontrolle,2025-09-02,HI
NF,2039679214030724,3,K am,2025-08-22,EK
NF,6543278841401220,3,K am,2025-08-22,EK
NF,8091391213309828,1,Kontrolle,2025-09-02,HI
NF,7528441259888516,1,Kontrolle,2025-09-02,HI
NF,1898941725675396,1,Kontrolle,2025-09-02,HI
NF,491566842122116,2,BE am,2025-08-20,JHU
NF,491566842122116,3,K am,2025-08-20,JHU
NF,491566842122116,4,C am,2025-08-20,JHU
NF,6121066376335236,1,Kontrolle,2025-09-01,JHU
NF,3869266562649988,1,Kontrolle,2025-09-02,HI
NF,8372866190020484,1,Kontrolle,2025-09-10,JHU
NF,5558116422913924,1,Kontrolle,2025-09-02,HI
NF,5558116422913924,2,BE am,2025-09-04,SM
NF,5558116422913924,3,K am,2025-09-10,JHU
NF,7809916236599172,1,Kontrolle,2025-09-02,HI
NF,6684016329756548,1,Kontrolle,2025-09-02,HI
NF,6684016329756548,2,BE am,2025-09-08,JHU
NF,6684016329756548,3,K am,2025-09-10,JHU
NF,8935816143441796,2,BE am,2025-08-25,EK
NF,8935816143441796,3,K am,2025-08-29,LK
NF,139723121233796,1,Kontrolle,2025-09-02,HI
NF,139723121233796,2,BE am,2025-09-08,JHU
NF,139723121233796,3,K am,2025-09-10,JHU
NF,1265623028076420,3,K am,2025-08-22,EK
NF,8583972422553476,3,K am,2025-08-22,EK
NF,4924797725314948,3,K am,2025-08-22,EK
NF,2672997911629700,3,K am,2025-08-22,EK
NF,1547098004787076,2,BE am,2025-08-20,JHU
NF,1547098004787076,3,K am,2025-08-20,JHU
NF,1547098004787076,4,C am,2025-08-20,JHU
NF,3798897818472324,3,K am,2025-08-22,EK
NF,5487747678736260,1,Kontrolle,2025-09-10,JHU
NF,6613647585578884,3,K am,2025-08-22,EK
NF,4361847771893636,3,K am,2025-08-22,EK
NF,4784060236959620,3,K am,2025-08-22,EK
NF,7035860050644868,1,Kontrolle,2025-08-22,EK
NF,843410563010436,3,K am,2025-08-22,EK
NF,3095210376695684,3,K am,2025-08-22,EK
NF,1969310469853060,3,K am,2025-08-22,EK
NF,1687835493142404,1,Kontrolle,2025-09-02,HI
NF,1124885539721092,1,Kontrolle,2025-08-19,JHU
NF,4504234527690628,3,K am,2025-08-22,EK
NF,2252434714005380,3,K am,2025-08-22,EK
NF,5630134434533252,3,K am,2025-08-22,EK
NF,563584853741444,3,K am,2025-08-22,EK
NF,563584853741444,4,C am,2025-09-03,HI
NF,563584853741444,5,Reopen C2 am,2025-09-05,DM
NF,7037509318086532,3,K am,2025-08-22,EK
NF,3096859644137348,3,K am,2025-08-22,EK
NF,7600459271507844,3,K am,2025-08-22,EK
NF,5770871922888580,1,Kontrolle,2025-09-02,JHU
NF,5207921969467268,1,Kontrolle,2025-09-02,JHU
NF,7459721783152516,1,Kontrolle,2025-09-02,JHU
NF,1830222248939396,2,BE am,2025-08-25,EK
NF,1830222248939396,3,K am,2025-08-29,LK
NF,2674647179071364,1,Kontrolle,2025-09-02,JHU
NF,1548747272228740,1,Kontrolle,2025-09-02,JHU
NF,985797318807428,3,K am,2025-08-22,EK
NF,7741196759863172,3,K am,2025-08-22,EK
NF,6615296853020548,3,K am,2025-08-22,EK
NF,4363497039335300,2,BE am,2025-08-25,EK
NF,4363497039335300,3,K am,2025-08-29,LK
NF,2322803458183044,3,K am,2025-08-22,EK
NF,5700503178710916,1,Kontrolle,2025-09-01,JHU
NF,3448703365025668,1,Kontrolle,2025-09-02,JHU
NF,5137553225289604,3,K am,2025-08-22,EK
NF,2885753411604356,3,K am,2025-08-22,EK
NF,7389353038974852,1,Kontrolle,2025-09-02,JHU
NF,6263453132132228,1,Kontrolle,2025-08-29,LK
NF,6263453132132228,2,BE am,2025-09-08,JHU
NF,6263453132132228,3,K am,2025-09-10,JHU
NF,8515252945817476,3,K am,2025-08-22,EK
NF,352478621208452,3,K am,2025-08-22,EK
NF,4856078248578948,3,K am,2025-08-22,EK
NF,915428574629764,3,K am,2025-08-22,EK
NF,5419028202000260,3,K am,2025-08-22,EK
NF,7670828015685508,3,K am,2025-08-22,EK
NF,2041328481472388,1,Kontrolle,2025-09-02,JHU
NF,6544928108842884,3,K am,2025-08-22,EK
NF,8796727922528132,3,K am,2025-08-22,EK
NF,4715340760223620,3,K am,2025-08-22,EK
NF,2463540946538372,2,BE am,2025-08-25,EK
NF,2463540946538372,3,K am,2025-08-29,LK
NF,3026490899959684,3,K am,2025-08-22,EK
NF,6404190620487556,3,K am,2025-08-22,EK
NF,4152390806802308,1,Kontrolle,2025-09-02,JHU
NF,493216109563780,1,Kontrolle,2025-09-02,JHU
NF,2745015923249028,1,Kontrolle,2025-09-02,JHU
NF,1619116016406404,2,BE am,2025-08-25,EK
NF,1619116016406404,3,K am,2025-08-29,LK
NF,7811565504040836,1,Kontrolle,2025-09-01,JHU
NF,2182065969827716,3,K am,2025-08-22,EK
NF,8937465410883460,1,Kontrolle,2025-09-02,JHU
NF,35819272408964,3,K am,2025-08-22,EK
NF,2287619086094212,1,Kontrolle,2025-09-02,JHU
NF,8480068573728644,3,K am,2025-08-22,EK
NF,317294249119620,3,K am,2025-08-22,EK
NF,1443194155962244,1,Kontrolle,2025-09-02,JHU
NF,5946793783332740,3,K am,2025-08-22,EK
NF,8198593597017988,1,Kontrolle,2025-09-02,JHU
NF,880244202540932,1,Kontrolle,2025-09-02,JHU
NF,3132044016226180,2,BE am,2025-08-20,JHU
NF,3132044016226180,3,K am,2025-08-20,JHU
NF,3132044016226180,4,C am,2025-08-20,JHU
NF,4680156388134788,1,Kontrolle,2025-09-02,JHU
NF,8057856108662660,3,K am,2025-08-22,EK
NF,2991306527870852,3,K am,2025-08-22,EK
NF,4117206434713476,3,K am,2025-08-22,EK
NF,7213431178530692,3,K am,2025-08-22,EK
NF,1583931644317572,3,K am,2025-08-22,EK
NF,6087531271688068,3,K am,2025-08-22,EK
NF,3835731458002820,1,Kontrolle,2025-09-02,JHU
NF,1020981690896260,1,Kontrolle,2025-09-02,JHU
NF,5524581318266756,3,K am,2025-08-22,EK
NF,106188016586628,3,K am,2025-08-22,EK
NF,6861587457642372,1,Kontrolle,2025-08-22,EK
NF,5735687550799748,1,Kontrolle,2025-09-02,JHU
NF,5735687550799748,2,BE am,2025-09-04,SM
NF,5735687550799748,3,K am,2025-09-10,JHU
NF,3483887737114500,1,Kontrolle,2025-09-02,HI
NF,3483887737114500,2,BE am,2025-09-04,SM
NF,3483887737114500,3,K am,2025-09-10,JHU
NF,7987487364484996,3,K am,2025-08-22,EK
NF,669137970007940,3,K am,2025-08-22,EK
NF,7424537411063684,3,K am,2025-08-22,EK
NF,1795037876850564,1,Kontrolle,2025-09-02,JHU
NF,6298637504221060,1,Kontrolle,2025-09-02,JHU
NF,4046837690535812,3,K am,2025-08-22,EK
NF,8550437317906308,3,K am,2025-08-22,EK
NF,2639462806982532,3,K am,2025-08-22,EK
NF,1513562900139908,3,K am,2025-08-22,EK
NF,8268962341195652,1,Kontrolle,2025-09-02,JHU
NF,950612946718596,1,Kontrolle,2025-08-22,EK
NF,5454212574089092,3,K am,2025-08-22,EK
NF,7706012387774340,3,K am,2025-08-22,EK
NF,2076512853561220,1,Kontrolle,2025-09-02,JHU
NF,6580112480931716,3,K am,2025-08-22,EK
NF,246925504941956,3,K am,2025-08-22,EK
NF,5788464108932996,3,K am,2025-08-22,EK
NF,8040263922618244,3,K am,2025-08-22,EK
NF,2973714341826436,3,K am,2025-08-22,EK
NF,7477313969196932,3,K am,2025-08-22,EK
NH,8379991809200004,1,Kontrolle,2025-09-01,HI
NH,8379991809200004,2,BE am,2025-09-03,DM
NH,8379991809200004,3,K am,2025-09-09,HI
NH,2187542321565572,2,BE am,2025-08-20,JHU
NH,2187542321565572,3,K am,2025-08-20,JHU
NH,2187542321565572,4,C am,2025-08-20,JHU
NH,6796695065202564,1,Kontrolle,2025-08-18,HI
NH,1167195530989444,1,Kontrolle,2025-08-18,HI
NH,5670795158359940,1,Kontrolle,2025-08-19,HI
NH,604245577568132,1,Kontrolle,2025-09-01,HI
NH,6233745111781252,3,K am,2025-08-18,HI
NH,5952270135070596,1,Kontrolle,2025-09-01,HI
NH,5952270135070596,2,BE am,2025-09-03,DM
NH,5952270135070596,3,K am,2025-09-09,HI
NH,3137520367964036,1,Kontrolle,2025-09-01,HI
NH,8767019902177156,1,Kontrolle,2025-08-18,HI
NH,744983065923460,1,Kontrolle,2025-08-18,HI
NH,744983065923460,2,BE am,2025-08-18,HI
NH,744983065923460,3,K am,2025-09-09,HI
NH,2996782879608708,1,Kontrolle,2025-09-01,HI
NH,7500382506979204,1,Kontrolle,2025-09-01,HI
NH,1870882972766084,1,Kontrolle,2025-09-01,HI
NH,4122682786451332,2,BE am,2025-08-20,JHU
NH,4122682786451332,3,K am,2025-08-20,JHU
NH,4122682786451332,4,C am,2025-08-20,JHU
NH,2715307902898052,1,Kontrolle,2025-08-18,HI
NH,3841207809740676,1,Kontrolle,2025-08-29,JHU
NH,3278257856319364,2,BE am,2025-09-03,DM
NH,3278257856319364,3,K am,2025-09-09,HI
NH,4404157763161988,3,K am,2025-08-18,HI
NH,5741163902537604,1,Kontrolle,2025-09-01,HI
NH,5741163902537604,2,BE am,2025-09-03,DM
NH,5741163902537604,3,K am,2025-09-09,HI
NH,1800514228588420,3,K am,2025-08-18,HI
NH,6304113855958916,1,Kontrolle,2025-09-01,HI
NH,6304113855958916,2,BE am,2025-09-03,DM
NH,6304113855958916,3,K am,2025-09-09,HI
NH,4052314042273668,1,Kontrolle,2025-09-01,HI
NH,4052314042273668,2,BE am,2025-09-03,DM
NH,4052314042273668,3,K am,2025-09-09,HI
NH,393139345035140,3,K am,2025-08-18,HI
NH,4333789018984324,1,Kontrolle,2025-08-18,HI
NH,4333789018984324,2,BE am,2025-08-18,HI
NH,4333789018984324,3,K am,2025-09-09,HI
NH,7570751251156868,1,Kontrolle,2025-08-28,EK
NH,7570751251156868,2,BE am,2025-09-03,DM
NH,7570751251156868,3,K am,2025-09-09,HI
NH,1941251716943748,1,Kontrolle,2025-08-19,HI
NH,6444851344314244,1,Kontrolle,2025-09-09,HI
NH,4193051530628996,4,C am,2025-09-03,HI
NH,4193051530628996,5,Reopen C2 am,2025-09-12,JHU
NH,8696651157999492,1,Kontrolle,2025-09-01,HI
NH,8696651157999492,2,BE am,2025-09-03,DM
NH,8696651157999492,3,K am,2025-09-09,HI
NH,6163376367603588,3,K am,2025-08-18,HI
NH,6726326321024900,1,Kontrolle,2025-09-01,HI
NH,6726326321024900,2,BE am,2025-09-03,DM
NH,6726326321024900,3,K am,2025-09-09,HI
NH,2275503251787652,3,K am,2025-08-18,HI
NH,2556978228498308,1,Kontrolle,2025-09-01,HI
NH,8186477762711428,3,K am,2025-08-18,HI
NH,5371727995604868,3,K am,2025-08-18,HI
NH,4245828088762244,4,C am,2025-09-03,HI
NH,4245828088762244,5,Reopen C2 am,2025-09-12,JHU
NH,6919840367513476,1,Kontrolle,2025-09-01,HI
NH,8045740274356100,1,Kontrolle,2025-09-09,HI
NH,5230990507249540,3,K am,2025-08-18,HI
NH,2979190693564292,1,Kontrolle,2025-08-18,HI
NH,2979190693564292,2,BE am,2025-08-18,HI
NH,2979190693564292,3,K am,2025-09-09,HI
NH,1853290786721668,1,Kontrolle,2025-09-09,HI
NH,4949515530538884,1,Kontrolle,2025-09-01,HI
NH,6075415437381508,1,Kontrolle,2025-09-01,HI
NH,1008865856589700,1,Kontrolle,2025-09-04,SM
NH,5512465483960196,1,Kontrolle,2025-09-09,HI
NH,7764265297645444,1,Kontrolle,2025-09-09,HI
NH,1219972089122692,1,Kontrolle,2025-09-04,SM
NH,5723571716493188,1,Kontrolle,2025-09-03,HI
NH,7412421576757124,1,Kontrolle,2025-09-09,HI
NH,6286521669914500,1,Kontrolle,2025-08-18,HI
NH,3753246879518596,1,Kontrolle,2025-09-01,HI
NH,234809670635396,3,K am,2025-08-18,HI
NH,6990209111691140,2,BE am,2025-08-20,JHU
NH,6990209111691140,3,K am,2025-08-20,JHU
NH,6990209111691140,4,C am,2025-08-20,JHU
NH,5864309204848516,1,Kontrolle,2025-09-01,HI
NH,8116109018533764,1,Kontrolle,2025-09-01,HI
NH,5301359251427204,1,Kontrolle,2025-09-01,HI
NH,6427259158269828,1,Kontrolle,2025-09-01,HI
NH,6427259158269828,2,BE am,2025-09-03,DM
NH,6427259158269828,3,K am,2025-09-09,HI
NH,8679058971955076,1,Kontrolle,2025-09-09,HI
NH,516284647346052,3,K am,2025-08-18,HI
NH,6708734134980484,1,Kontrolle,2025-08-18,HI
NH,4456934321295236,3,K am,2025-08-18,HI
NH,8960533948665732,1,Kontrolle,2025-09-01,HI
NH,8960533948665732,2,BE am,2025-09-03,DM
NH,8960533948665732,3,K am,2025-09-09,HI
NH,4562487437561732,3,K am,2025-08-18,HI
NH,2310687623876484,3,K am,2025-08-18,HI
NH,2873637577297796,3,K am,2025-08-18,HI
NH,8503137111510916,1,Kontrolle,2025-08-18,HI
NH,7095762227957636,1,Kontrolle,2025-09-09,HI
NH,5829124832759684,3,K am,2025-08-18,HI
NH,4140274972495748,1,Kontrolle,2025-08-18,HI
NH,1607000182099844,4,C am,2025-09-03,HI
NH,1607000182099844,5,Reopen C2 am,2025-09-12,JHU
NH,3858799995785092,3,K am,2025-08-19,HI
NH,5547649856049028,3,K am,2025-08-18,HI
NH,1255156461211524,3,K am,2025-08-18,HI
NH,7447605948845956,3,K am,2025-08-18,HI
NH,6321706042003332,1,Kontrolle,2025-09-01,HI
NH,3788431251607428,1,Kontrolle,2025-09-05,DM
NH,973681484500868,1,Kontrolle,2025-08-19,HI
NH,3225481298186116,1,Kontrolle,2025-08-25,SM
NH,7729080925556612,3,K am,2025-08-18,HI
NH,6603181018713988,3,K am,2025-08-18,HI
NH,3647693763252100,1,Kontrolle,2025-09-01,HI
NH,8995718320754564,1,Kontrolle,2025-09-09,HI
NH,14907345080196,1,Kontrolle,2025-09-01,HI
NH,3955557019029380,3,K am,2025-08-18,HI
NH,5925881856003972,3,K am,2025-08-18,HI
NH,8177681669689220,2,BE am,2025-08-20,JHU
NH,8177681669689220,3,K am,2025-08-20,JHU
NH,8177681669689220,4,C am,2025-08-20,JHU
NH,8318419158044548,3,K am,2025-08-18,HI
NH,3251869577252740,1,Kontrolle,2025-09-01,HI
NH,6981413018668932,1,Kontrolle,2025-09-01,HI
NH,5011088181694340,2,BE am,2025-08-20,JHU
NH,5011088181694340,3,K am,2025-08-20,JHU
NH,5011088181694340,4,C am,2025-08-20,JHU
NH,3885188274851716,1,Kontrolle,2025-09-09,HI
NH,6805491158224772,2,BE am,2025-08-20,JHU
NH,6805491158224772,3,K am,2025-08-20,JHU
NH,6805491158224772,4,C am,2025-08-20,JHU
NH,4835166321250180,1,Kontrolle,2025-09-01,HI
NH,894516647300996,3,K am,2025-08-18,HI
NH,6524016181514116,3,K am,2025-08-18,HI
NH,4272216367828868,3,K am,2025-08-18,HI
NH,5820328739737476,1,Kontrolle,2025-09-01,HI
NH,5820328739737476,2,BE am,2025-09-05,JHU
NH,5820328739737476,3,K am,2025-09-09,HI
NH,8072128553422724,2,BE am,2025-08-20,JHU
NH,8072128553422724,3,K am,2025-08-20,JHU
NH,8072128553422724,4,C am,2025-08-20,JHU
NH,7509178600001412,1,Kontrolle,2025-09-01,HI
NH,7509178600001412,2,BE am,2025-09-03,DM
NH,7509178600001412,3,K am,2025-09-09,HI
NH,1879679065788292,1,Kontrolle,2025-09-01,HI
NH,4131478879473540,3,K am,2025-08-18,HI
NH,4975903809605508,1,Kontrolle,2025-09-01,HI
NH,7227703623290756,1,Kontrolle,2025-09-01,HI
NH,7227703623290756,2,BE am,2025-09-03,DM
NH,7227703623290756,3,K am,2025-09-09,HI
NH,1598204089077636,1,Kontrolle,2025-09-01,HI
NH,1598204089077636,2,BE am,2025-09-03,DM
NH,1598204089077636,3,K am,2025-09-09,HI
NH,3850003902762884,1,Kontrolle,2025-09-01,HI
NH,3850003902762884,2,BE am,2025-09-05,JHU
NH,3850003902762884,3,K am,2025-09-09,HI
NH,8353603530133380,1,Kontrolle,2025-09-01,HI
NH,8353603530133380,2,BE am,2025-09-05,JHU
NH,8353603530133380,3,K am,2025-09-09,HI
NH,1035254135656324,1,Kontrolle,2025-09-01,HI
NH,1035254135656324,2,BE am,2025-09-03,DM
NH,1035254135656324,3,K am,2025-09-09,HI
NH,1246360368189316,3,K am,2025-08-18,HI
NH,2935210228453252,2,BE am,2025-09-03,DM
NH,2935210228453252,3,K am,2025-09-09,HI
NH,2653735251742596,1,Kontrolle,2025-09-01,HI
NH,6031434972270468,1,Kontrolle,2025-09-01,HI
NH,8283234785955716,3,K am,2025-08-18,HI
NH,3638897670229892,1,Kontrolle,2025-09-01,HI
NH,3638897670229892,2,BE am,2025-09-03,DM
NH,3638897670229892,3,K am,2025-09-09,HI
NH,1299136926322564,1,Kontrolle,2025-09-01,HI
NH,1299136926322564,2,BE am,2025-09-03,DM
NH,1299136926322564,3,K am,2025-09-09,HI
NH,454711996190596,1,Kontrolle,2025-09-01,HI
NH,2706511809875844,1,Kontrolle,2025-09-09,JHU
NH,2917618042408836,1,Kontrolle,2025-09-01,HI
NH,3058355530764164,1,Kontrolle,2025-09-01,HI
NH,3058355530764164,2,BE am,2025-09-03,DM
NH,3058355530764164,3,K am,2025-09-09,HI
NH,7808245762756484,1,Kontrolle,2025-09-01,HI
NH,7808245762756484,2,BE am,2025-09-03,DM
NH,7808245762756484,3,K am,2025-09-09,HI
NH,4641652274761604,1,Kontrolle,2025-09-01,HI
NH,7456402041868164,2,BE am,2025-08-20,JHU
NH,7456402041868164,3,K am,2025-08-20,JHU
NH,7456402041868164,4,C am,2025-08-20,JHU
NH,2671327437787012,1,Kontrolle,2025-08-25,SM
NH,3656489856274308,1,Kontrolle,2025-09-01,HI
NH,3656489856274308,2,BE am,2025-09-03,DM
NH,3656489856274308,3,K am,2025-09-09,HI
NH,1123215065878404,1,Kontrolle,2025-08-25,SM
NH,5626814693248900,1,Kontrolle,2025-09-01,HI
NH,5626814693248900,2,BE am,2025-09-03,DM
NH,5626814693248900,3,K am,2025-09-09,HI
NH,6752714600091524,1,Kontrolle,2025-09-01,HI
NH,6752714600091524,2,BE am,2025-09-03,DM
NH,6752714600091524,3,K am,2025-09-09,HI
NH,4500914786406276,1,Kontrolle,2025-09-01,HI
NH,2255712042487684,2,BE am,2025-08-20,JHU
NH,2255712042487684,3,K am,2025-08-20,JHU
NH,2255712042487684,4,C am,2025-08-20,JHU
NH,1129812135645060,1,Kontrolle,2025-09-09,HI
NH,5633411763015556,1,Kontrolle,2025-09-01,HI
NH,5633411763015556,2,BE am,2025-09-03,DM
NH,5633411763015556,3,K am,2025-09-09,HI
NH,3381611949330308,1,Kontrolle,2025-09-01,HI
NH,7885211576700804,1,Kontrolle,2025-09-01,HI
NH,566862182223748,1,Kontrolle,2025-09-01,HI
NH,5070461809594244,1,Kontrolle,2025-09-03,JHU
NH,2818661995908996,1,Kontrolle,2025-09-01,HI
NH,2818661995908996,2,BE am,2025-09-03,DM
NH,2818661995908996,3,K am,2025-09-09,HI
NH,7322261623279492,1,Kontrolle,2025-09-01,HI
NH,1692762089066372,1,Kontrolle,2025-09-09,HI
NH,6196361716436868,1,Kontrolle,2025-09-01,HI
NH,6196361716436868,2,BE am,2025-09-03,DM
NH,6196361716436868,3,K am,2025-09-09,HI
NH,3944561902751620,1,Kontrolle,2025-09-01,HI
NH,5914886739726212,1,Kontrolle,2025-09-01,HI
NH,8166686553411460,1,Kontrolle,2025-09-01,HI
NT,1218808689856388,2,BE am,2025-09-04,LK
NT,1218808689856388,3,K am,2025-09-11,JHU
NT,8537158084333444,1,Kontrolle,2025-09-01,JHU
NT,1359546178211716,2,BE am,2025-09-04,LK
NT,1359546178211716,3,K am,2025-09-11,JHU
NT,3153949154742148,2,BE am,2025-09-04,LK
NT,3153949154742148,3,K am,2025-09-11,JHU
NV,6009624188817284,1,Kontrolle,2025-08-28,SM
NV,3757824375132036,1,Kontrolle,2025-08-28,SM
NV,8261424002502532,1,Kontrolle,2025-08-28,SM
NV,3898561863487364,3,K am,2025-09-11,JHU
NV,5270752374951812,3,K am,2025-09-11,JHU
NV,1893052654423940,3,K am,2025-09-11,JHU
NV,6396652281794436,3,K am,2025-09-11,JHU
NV,485677770870660,3,K am,2025-09-11,JHU
NV,133834049982340,1,Kontrolle,2025-09-11,JHU
NV,4637433677352836,1,Kontrolle,2025-09-11,JHU
NV,2385633863667588,1,Kontrolle,2025-09-11,JHU
NV,6889233491038084,1,Kontrolle,2025-09-11,JHU
NV,1259733956824964,2,BE am,2025-09-04,LK
NV,1259733956824964,3,K am,2025-09-11,JHU
NV,5763333584195460,3,K am,2025-09-11,JHU
NV,3511533770510212,2,BE am,2025-09-04,LK
NV,3511533770510212,3,K am,2025-09-11,JHU
NV,8015133397880708,2,BE am,2025-09-04,LK
NV,8015133397880708,3,K am,2025-09-11,JHU
NV,696784003403652,2,BE am,2025-09-04,LK
NV,696784003403652,3,K am,2025-09-11,JHU
NV,415309026692996,1,Kontrolle,2025-08-28,SM
NV,4918908654063492,1,Kontrolle,2025-08-28,SM
NV,2667108840378244,1,Kontrolle,2025-08-28,SM
NV,8296608374591364,1,Kontrolle,2025-09-11,JHU
NV,978258980114308,1,Kontrolle,2025-09-11,JHU
NV,5481858607484804,1,Kontrolle,2025-09-11,JHU
NV,3230058793799556,1,Kontrolle,2025-09-11,JHU
NV,7733658421170052,1,Kontrolle,2025-09-11,JHU
NM,6840239456915332,1,Kontrolle,2025-09-02,JHU
NM,2846813224832900,1,Kontrolle,2025-09-02,JHU
NM,1087594620391300,1,Kontrolle,2025-09-02,JHU
NM,5591194247761796,1,Kontrolle,2025-09-02,JHU
NM,3339394434076548,1,Kontrolle,2025-09-02,JHU
